delete from warehouse_stock;
delete from order_contents;
delete from orders;
delete from warehouse;
delete from cart_contents;
delete from delivery_address;
delete from pricing;
delete from staff;
delete from credit_card;
delete from product;
delete from address;
delete from customer;

alter sequence customer_cid_seq restart with 1;
alter sequence address_address_id_seq restart with 1;
alter sequence staff_sid_seq restart with 1;
alter sequence warehouse_wid_seq restart with 1;
alter sequence orders_oid_seq restart with 1;
alter sequence orders_oid_seq restart with 1;

insert into customer (customer_name, username, password) values ('Test User', 'test', 'password');
insert into customer (customer_name, username, password) values ('Dougie Dunmuir', 'ddunmuir1', 'YR5h2pi');
insert into customer (customer_name, username, password) values ('Margarethe Tindley', 'mtindley2', '7s1lSV0hF');
insert into customer (customer_name, username, password) values ('Horatius Lander', 'hlander3', 'VE2kIEAp4RLS');
insert into customer (customer_name, username, password) values ('Sarette Chaffe', 'schaffe4', 'Ep3HTZPF');
insert into customer (customer_name, username, password) values ('Lonnie Wingeatt', 'lwingeatt5', 'iP9kCjMyYKd');
insert into customer (customer_name, username, password) values ('Quinn Renachowski', 'qrenachowski6', '5i6e04gaNO');
insert into customer (customer_name, username, password) values ('Colene Janny', 'cjanny7', 'QVfcfG');
insert into customer (customer_name, username, password) values ('Ansley Fewkes', 'afewkes8', 'B1Lub1CZxi');
insert into customer (customer_name, username, password) values ('Almeria Perkinson', 'aperkinson9', '6dPl74hsEkp');

insert into address (street_number, street_name, apt_number, city, state, zip, country) values ('10', 'W 35 St.', NULL, 'Chicago', 'IL', '60616', 'United States');
insert into address (street_number, street_name, apt_number, city, state, zip, country) values ('51952', 'Fulton St.', '569', 'Orlando', 'FL', '32830', 'United States');
insert into address (street_number, street_name, apt_number, city, state, zip, country) values ('2', 'Buena Vista Dr.', '73231', 'Flushing', 'NY', '11355', 'United States');
insert into address (street_number, street_name, apt_number, city, state, zip, country) values ('21931', 'Forster Dr.', '5873', 'Peoria', 'IL', '61614', 'United States');
insert into address (street_number, street_name, apt_number, city, state, zip, country) values ('79', 'Superior Dr.', '3770', 'Pasadena', 'CA', '91125', 'United States');
insert into address (street_number, street_name, apt_number, city, state, zip, country) values ('2', 'Sutteridge St.', '5479', 'New York City', 'NY', '10019', 'United States');
insert into address (street_number, street_name, apt_number, city, state, zip, country) values ('03976', 'Erie Rd.', '0292', 'Monticello', 'MN', '55590', 'United States');
insert into address (street_number, street_name, apt_number, city, state, zip, country) values ('54', 'Delaware Rd.', '41356', 'Mount Vernon', 'NY', '10557', 'United States');
insert into address (street_number, street_name, apt_number, city, state, zip, country) values ('3577', 'Del Mar Dr.', '9845', 'Huntington', 'WV', '25770', 'United States');
insert into address (street_number, street_name, apt_number, city, state, zip, country) values ('08', 'Hazelcrest Dr.', '0', 'Santa Ana', 'CA', '92705', 'United States');
insert into address (street_number, street_name, apt_number, city, state, zip, country) values ('820', 'Mariners Cove Rd.', '90', 'Brooksville', 'FL', '34605', 'United States');
insert into address (street_number, street_name, apt_number, city, state, zip, country) values ('506', 'Basil Rd.', '7', 'Corpus Christi', 'TX', '78405', 'United States');
insert into address (street_number, street_name, apt_number, city, state, zip, country) values ('0', 'Fieldstone Rd.', '7798', 'Myrtle Beach', 'SC', '29579', 'United States');
insert into address (street_number, street_name, apt_number, city, state, zip, country) values ('9281', '2nd St.', '19824', 'Long Beach', 'CA', '90810', 'United States');
insert into address (street_number, street_name, apt_number, city, state, zip, country) values ('482', 'Farwell Dr.', '98710', 'Tulsa', 'OK', '74108', 'United States');
insert into address (street_number, street_name, apt_number, city, state, zip, country) values ('250', 'Emerald Dr.', NULL, 'Joliet', 'IL', '60433', 'United States');

insert into product values ('Potatoes', 'Produce', 0.02, 'Health: 5', 'potatoes.png');
insert into product values ('Carrots', 'Produce', 0.02, 'Health: 5', 'carrots.png');
insert into product values ('Tomatoes', 'Produce', 0.02, 'Health: 5', 'tomatoes.png');
insert into product values ('Bananas', 'Produce', 0.02, 'Health: 5', 'bananas.png');
insert into product values ('Apples', 'Produce', 0.02, 'Health: 5', 'apples.png');
insert into product values ('Grapes', 'Produce', 0.02, 'Health: 5', 'grapes.png');
insert into product values ('Ham', 'Meat', 0.02, 'Health: 3', 'ham.png');
insert into product values ('Turkey', 'Meat', 0.02, 'Health: 3', 'turkey.png');
insert into product values ('Bacon', 'Meat', 0.02, 'Health: 3', 'bacon.png');
insert into product values ('Ground Beef', 'Meat', 0.02, 'Health: 3', 'ground_beef.png');
insert into product values ('Salmon Fillet', 'Meat', 0.02, 'Health: 3', 'salmon_fillet.png');
insert into product values ('Tuna', 'Meat', 0.02, 'Health: 3', 'tuna.png');
insert into product values ('Milk', 'Eggs and Dairy', 0.07, 'Health: 4', 'milk.png');
insert into product values ('Eggs', 'Eggs and Dairy', 0.04, 'Health: 4', 'eggs.png');
insert into product values ('Cheese', 'Eggs and Dairy', 0.02, 'Health: 3', 'cheese.png');
insert into product values ('Greek Yogurt', 'Eggs and Dairy', 0.04, 'Health: 4', 'greek_yogurt.png');
insert into product values ('Whipped Cream', 'Eggs and Dairy', 0.03, 'Health: 2', 'whipped_cream.png');
insert into product values ('Butter', 'Eggs and Dairy', 0.02, 'Health: 2', 'butter.png');
insert into product values ('Frozen Pizza', 'Frozen Foods', 0.05, 'Health: 2', 'frozen_pizza.png');
insert into product values ('Vanilla Ice Cream', 'Frozen Foods', 0.03, 'Health: 2', 'vanilla_ice_cream.png');
insert into product values ('Frozen Cheese Curds', 'Frozen Foods', 0.02, 'Health: 1', 'frozen_cheese_curds.png');
insert into product values ('Frozen Dinner', 'Frozen Foods', 0.02, 'Health: 2', 'frozen_dinner.png');
insert into product values ('Waffles', 'Frozen Foods', 0.02, 'Health: 2', 'waffles.png');
insert into product values ('Mac and Cheese', 'Frozen Foods', 0.02, 'Health: 2', 'mac_and_cheese.png');
insert into product values ('Bagel', 'Bakery', 0.03, 'Health: 3', 'bagel.png');
insert into product values ('Muffin', 'Bakery', 0.03, 'Health: 3', 'muffin.png');
insert into product values ('Croissant', 'Bakery', 0.03, 'Health: 3', 'croissant.png');
insert into product values ('Bread Loaf', 'Bakery', 0.03, 'Health: 3', 'bread_loaf.png');
insert into product values ('Chocolate Chip Cookies', 'Bakery', 0.02, 'Health: 2', 'chocolate_chip_cookies.png');
insert into product values ('Cake', 'Bakery', 0.02, 'Health: 2', 'cake.png');
insert into product values ('Cheese Curds', 'Snack Foods', 0.02, 'Health: 1', 'cheese_curds.png');
insert into product values ('Potato Chips', 'Snack Foods', 0.02, 'Health: 2', 'potato_chips.png');
insert into product values ('Popcorn', 'Snack Foods', 0.02, 'Health: 2', 'popcorn.png');
insert into product values ('Pretzels', 'Snack Foods', 0.02, 'Health: 2', 'pretzels.png');
insert into product values ('Mixed Nuts', 'Snack Foods', 0.02, 'Health: 3', 'mixed_nuts.png');
insert into product values ('Oreos', 'Snack Foods', 0.02, 'Health: 1', 'oreos.png');
insert into product values ('Beer', 'Alcoholic Drinks', 0.02, 'Health: 1', 'beer.png');
insert into product values ('Rum', 'Alcoholic Drinks', 0.03, 'Health: 1', 'rum.png');
insert into product values ('Whiskey', 'Alcoholic Drinks', 0.03, 'Health: 1', 'whiskey.png');
insert into product values ('Tequila', 'Alcoholic Drinks', 0.03, 'Health: 1', 'tequila.png');
insert into product values ('Gin', 'Alcoholic Drinks', 0.03, 'Health: 1', 'gin.png');
insert into product values ('Wine', 'Alcoholic Drinks', 0.03, 'Health: 1', 'wine.png');

insert into credit_card values ('3544455824682473', 'Test User', '380', '02/19/2021', 1, 1);
insert into credit_card values ('4917906972250809', 'Dougie Dunmuir', '760', '03/03/2021', 2, 2);
insert into credit_card values ('3560508840621088', 'Margarethe Tindley', '646', '02/19/2020', 3, 3);
insert into credit_card values ('3574001037119003', 'Horatius Lander', '871', '11/23/2021', 4, 4);
insert into credit_card values ('3538914982527449', 'Sarette Chaffe', '103', '02/26/2021', 5, 5);
insert into credit_card values ('6379475760293815', 'Lonnie Wingeatt', '612', '02/18/2021', 6, 6);
insert into credit_card values ('3529993989891991', 'Quinn Renachowski', '995', '04/20/2020', 7, 7);
insert into credit_card values ('3528738685912547', 'Colene Janny', '379', '08/12/2021', 8, 8);
insert into credit_card values ('6709620643105382', 'Ansley Fewkes', '250', '03/22/2020', 9, 9);
insert into credit_card values ('5602231765422557', 'Almeria Perkinson', '223', '02/05/2020', 10, 10);

insert into staff (staff_name, salary, job_title, username, password, address_id) values ('Alex Riegler', 100000.00, 'Application Developer', 'ariegler', 'password', 11);
insert into staff (staff_name, salary, job_title, username, password, address_id) values ('Martijn Koning', 100000.00, 'Application Developer', 'mkoning', 'password', 12);
insert into staff (staff_name, salary, job_title, username, password, address_id) values ('Maria Garcia', 100000.00, 'Application Developer', 'mgarcia', 'password', 13);
insert into staff (staff_name, salary, job_title, username, password, address_id) values ('Merle Hevey', 64493.00, 'CEO', 'mhevey0', '5dSbIX12kDK', 14);
insert into staff (staff_name, salary, job_title, username, password, address_id) values ('Elsa Banker', 42735.00, 'Warehouse Manager', 'ebanker2', 'HRWwZWVPWkn', 15);

insert into pricing (product_name , state, price) values 
	('Potatoes',    'AL',    random()*(6-1)+1),
	('Potatoes',    'AK',    random()*(6-1)+1),
	('Potatoes',    'AZ',    random()*(6-1)+1),
	('Potatoes',    'AR',    random()*(6-1)+1),
	('Potatoes',    'CA',    random()*(6-1)+1),
	('Potatoes',    'CO',    random()*(6-1)+1),
	('Potatoes',    'CT',    random()*(6-1)+1),
	('Potatoes',    'DE',    random()*(6-1)+1),
	('Potatoes',    'FL',    random()*(6-1)+1),
	('Potatoes',    'GA',    random()*(6-1)+1),
	('Potatoes',    'HI',    random()*(6-1)+1),
	('Potatoes',    'ID',    random()*(6-1)+1),
	('Potatoes',    'IL',    random()*(6-1)+1),
	('Potatoes',    'IN',    random()*(6-1)+1),
	('Potatoes',    'IA',    random()*(6-1)+1),
	('Potatoes',    'KS',    random()*(6-1)+1),
	('Potatoes',    'KY',    random()*(6-1)+1),
	('Potatoes',    'LA',    random()*(6-1)+1),
	('Potatoes',    'ME',    random()*(6-1)+1),
	('Potatoes',    'MD',    random()*(6-1)+1),
	('Potatoes',    'MA',    random()*(6-1)+1),
	('Potatoes',    'MI',    random()*(6-1)+1),
	('Potatoes',    'MN',    random()*(6-1)+1),
	('Potatoes',    'MS',    random()*(6-1)+1),
	('Potatoes',    'MO',    random()*(6-1)+1),
	('Potatoes',    'MT',    random()*(6-1)+1),
	('Potatoes',    'NE',    random()*(6-1)+1),
	('Potatoes',    'NV',    random()*(6-1)+1),
	('Potatoes',    'NH',    random()*(6-1)+1),
	('Potatoes',    'NJ',    random()*(6-1)+1),
	('Potatoes',    'NM',    random()*(6-1)+1),
	('Potatoes',    'NY',    random()*(6-1)+1),
	('Potatoes',    'NC',    random()*(6-1)+1),
	('Potatoes',    'ND',    random()*(6-1)+1),
	('Potatoes',    'OH',    random()*(6-1)+1),
	('Potatoes',    'OK',    random()*(6-1)+1),
	('Potatoes',    'OR',    random()*(6-1)+1),
	('Potatoes',    'PA',    random()*(6-1)+1),
	('Potatoes',    'RI',    random()*(6-1)+1),
	('Potatoes',    'SC',    random()*(6-1)+1),
	('Potatoes',    'SD',    random()*(6-1)+1),
	('Potatoes',    'TN',    random()*(6-1)+1),
	('Potatoes',    'TX',    random()*(6-1)+1),
	('Potatoes',    'UT',    random()*(6-1)+1),
	('Potatoes',    'VT',    random()*(6-1)+1),
	('Potatoes',    'VA',    random()*(6-1)+1),
	('Potatoes',    'WA',    random()*(6-1)+1),
	('Potatoes',    'WV',    random()*(6-1)+1),
	('Potatoes',    'WI',    random()*(6-1)+1),
	('Potatoes',    'WY',    random()*(6-1)+1),
	('Potatoes',    'DC',    random()*(6-1)+1),
	('Carrots',    'AL',    random()*(6-1)+1),
	('Carrots',    'AK',    random()*(6-1)+1),
	('Carrots',    'AZ',    random()*(6-1)+1),
	('Carrots',    'AR',    random()*(6-1)+1),
	('Carrots',    'CA',    random()*(6-1)+1),
	('Carrots',    'CO',    random()*(6-1)+1),
	('Carrots',    'CT',    random()*(6-1)+1),
	('Carrots',    'DE',    random()*(6-1)+1),
	('Carrots',    'FL',    random()*(6-1)+1),
	('Carrots',    'GA',    random()*(6-1)+1),
	('Carrots',    'HI',    random()*(6-1)+1),
	('Carrots',    'ID',    random()*(6-1)+1),
	('Carrots',    'IL',    random()*(6-1)+1),
	('Carrots',    'IN',    random()*(6-1)+1),
	('Carrots',    'IA',    random()*(6-1)+1),
	('Carrots',    'KS',    random()*(6-1)+1),
	('Carrots',    'KY',    random()*(6-1)+1),
	('Carrots',    'LA',    random()*(6-1)+1),
	('Carrots',    'ME',    random()*(6-1)+1),
	('Carrots',    'MD',    random()*(6-1)+1),
	('Carrots',    'MA',    random()*(6-1)+1),
	('Carrots',    'MI',    random()*(6-1)+1),
	('Carrots',    'MN',    random()*(6-1)+1),
	('Carrots',    'MS',    random()*(6-1)+1),
	('Carrots',    'MO',    random()*(6-1)+1),
	('Carrots',    'MT',    random()*(6-1)+1),
	('Carrots',    'NE',    random()*(6-1)+1),
	('Carrots',    'NV',    random()*(6-1)+1),
	('Carrots',    'NH',    random()*(6-1)+1),
	('Carrots',    'NJ',    random()*(6-1)+1),
	('Carrots',    'NM',    random()*(6-1)+1),
	('Carrots',    'NY',    random()*(6-1)+1),
	('Carrots',    'NC',    random()*(6-1)+1),
	('Carrots',    'ND',    random()*(6-1)+1),
	('Carrots',    'OH',    random()*(6-1)+1),
	('Carrots',    'OK',    random()*(6-1)+1),
	('Carrots',    'OR',    random()*(6-1)+1),
	('Carrots',    'PA',    random()*(6-1)+1),
	('Carrots',    'RI',    random()*(6-1)+1),
	('Carrots',    'SC',    random()*(6-1)+1),
	('Carrots',    'SD',    random()*(6-1)+1),
	('Carrots',    'TN',    random()*(6-1)+1),
	('Carrots',    'TX',    random()*(6-1)+1),
	('Carrots',    'UT',    random()*(6-1)+1),
	('Carrots',    'VT',    random()*(6-1)+1),
	('Carrots',    'VA',    random()*(6-1)+1),
	('Carrots',    'WA',    random()*(6-1)+1),
	('Carrots',    'WV',    random()*(6-1)+1),
	('Carrots',    'WI',    random()*(6-1)+1),
	('Carrots',    'WY',    random()*(6-1)+1),
	('Carrots',    'DC',    random()*(6-1)+1),
	('Tomatoes',    'AL',    random()*(6-1)+1),
	('Tomatoes',    'AK',    random()*(6-1)+1),
	('Tomatoes',    'AZ',    random()*(6-1)+1),
	('Tomatoes',    'AR',    random()*(6-1)+1),
	('Tomatoes',    'CA',    random()*(6-1)+1),
	('Tomatoes',    'CO',    random()*(6-1)+1),
	('Tomatoes',    'CT',    random()*(6-1)+1),
	('Tomatoes',    'DE',    random()*(6-1)+1),
	('Tomatoes',    'FL',    random()*(6-1)+1),
	('Tomatoes',    'GA',    random()*(6-1)+1),
	('Tomatoes',    'HI',    random()*(6-1)+1),
	('Tomatoes',    'ID',    random()*(6-1)+1),
	('Tomatoes',    'IL',    random()*(6-1)+1),
	('Tomatoes',    'IN',    random()*(6-1)+1),
	('Tomatoes',    'IA',    random()*(6-1)+1),
	('Tomatoes',    'KS',    random()*(6-1)+1),
	('Tomatoes',    'KY',    random()*(6-1)+1),
	('Tomatoes',    'LA',    random()*(6-1)+1),
	('Tomatoes',    'ME',    random()*(6-1)+1),
	('Tomatoes',    'MD',    random()*(6-1)+1),
	('Tomatoes',    'MA',    random()*(6-1)+1),
	('Tomatoes',    'MI',    random()*(6-1)+1),
	('Tomatoes',    'MN',    random()*(6-1)+1),
	('Tomatoes',    'MS',    random()*(6-1)+1),
	('Tomatoes',    'MO',    random()*(6-1)+1),
	('Tomatoes',    'MT',    random()*(6-1)+1),
	('Tomatoes',    'NE',    random()*(6-1)+1),
	('Tomatoes',    'NV',    random()*(6-1)+1),
	('Tomatoes',    'NH',    random()*(6-1)+1),
	('Tomatoes',    'NJ',    random()*(6-1)+1),
	('Tomatoes',    'NM',    random()*(6-1)+1),
	('Tomatoes',    'NY',    random()*(6-1)+1),
	('Tomatoes',    'NC',    random()*(6-1)+1),
	('Tomatoes',    'ND',    random()*(6-1)+1),
	('Tomatoes',    'OH',    random()*(6-1)+1),
	('Tomatoes',    'OK',    random()*(6-1)+1),
	('Tomatoes',    'OR',    random()*(6-1)+1),
	('Tomatoes',    'PA',    random()*(6-1)+1),
	('Tomatoes',    'RI',    random()*(6-1)+1),
	('Tomatoes',    'SC',    random()*(6-1)+1),
	('Tomatoes',    'SD',    random()*(6-1)+1),
	('Tomatoes',    'TN',    random()*(6-1)+1),
	('Tomatoes',    'TX',    random()*(6-1)+1),
	('Tomatoes',    'UT',    random()*(6-1)+1),
	('Tomatoes',    'VT',    random()*(6-1)+1),
	('Tomatoes',    'VA',    random()*(6-1)+1),
	('Tomatoes',    'WA',    random()*(6-1)+1),
	('Tomatoes',    'WV',    random()*(6-1)+1),
	('Tomatoes',    'WI',    random()*(6-1)+1),
	('Tomatoes',    'WY',    random()*(6-1)+1),
	('Tomatoes',    'DC',    random()*(6-1)+1),
	('Bananas',    'AL',    random()*(6-1)+1),
	('Bananas',    'AK',    random()*(6-1)+1),
	('Bananas',    'AZ',    random()*(6-1)+1),
	('Bananas',    'AR',    random()*(6-1)+1),
	('Bananas',    'CA',    random()*(6-1)+1),
	('Bananas',    'CO',    random()*(6-1)+1),
	('Bananas',    'CT',    random()*(6-1)+1),
	('Bananas',    'DE',    random()*(6-1)+1),
	('Bananas',    'FL',    random()*(6-1)+1),
	('Bananas',    'GA',    random()*(6-1)+1),
	('Bananas',    'HI',    random()*(6-1)+1),
	('Bananas',    'ID',    random()*(6-1)+1),
	('Bananas',    'IL',    random()*(6-1)+1),
	('Bananas',    'IN',    random()*(6-1)+1),
	('Bananas',    'IA',    random()*(6-1)+1),
	('Bananas',    'KS',    random()*(6-1)+1),
	('Bananas',    'KY',    random()*(6-1)+1),
	('Bananas',    'LA',    random()*(6-1)+1),
	('Bananas',    'ME',    random()*(6-1)+1),
	('Bananas',    'MD',    random()*(6-1)+1),
	('Bananas',    'MA',    random()*(6-1)+1),
	('Bananas',    'MI',    random()*(6-1)+1),
	('Bananas',    'MN',    random()*(6-1)+1),
	('Bananas',    'MS',    random()*(6-1)+1),
	('Bananas',    'MO',    random()*(6-1)+1),
	('Bananas',    'MT',    random()*(6-1)+1),
	('Bananas',    'NE',    random()*(6-1)+1),
	('Bananas',    'NV',    random()*(6-1)+1),
	('Bananas',    'NH',    random()*(6-1)+1),
	('Bananas',    'NJ',    random()*(6-1)+1),
	('Bananas',    'NM',    random()*(6-1)+1),
	('Bananas',    'NY',    random()*(6-1)+1),
	('Bananas',    'NC',    random()*(6-1)+1),
	('Bananas',    'ND',    random()*(6-1)+1),
	('Bananas',    'OH',    random()*(6-1)+1),
	('Bananas',    'OK',    random()*(6-1)+1),
	('Bananas',    'OR',    random()*(6-1)+1),
	('Bananas',    'PA',    random()*(6-1)+1),
	('Bananas',    'RI',    random()*(6-1)+1),
	('Bananas',    'SC',    random()*(6-1)+1),
	('Bananas',    'SD',    random()*(6-1)+1),
	('Bananas',    'TN',    random()*(6-1)+1),
	('Bananas',    'TX',    random()*(6-1)+1),
	('Bananas',    'UT',    random()*(6-1)+1),
	('Bananas',    'VT',    random()*(6-1)+1),
	('Bananas',    'VA',    random()*(6-1)+1),
	('Bananas',    'WA',    random()*(6-1)+1),
	('Bananas',    'WV',    random()*(6-1)+1),
	('Bananas',    'WI',    random()*(6-1)+1),
	('Bananas',    'WY',    random()*(6-1)+1),
	('Bananas',    'DC',    random()*(6-1)+1),
	('Apples',    'AL',    random()*(6-1)+1),
	('Apples',    'AK',    random()*(6-1)+1),
	('Apples',    'AZ',    random()*(6-1)+1),
	('Apples',    'AR',    random()*(6-1)+1),
	('Apples',    'CA',    random()*(6-1)+1),
	('Apples',    'CO',    random()*(6-1)+1),
	('Apples',    'CT',    random()*(6-1)+1),
	('Apples',    'DE',    random()*(6-1)+1),
	('Apples',    'FL',    random()*(6-1)+1),
	('Apples',    'GA',    random()*(6-1)+1),
	('Apples',    'HI',    random()*(6-1)+1),
	('Apples',    'ID',    random()*(6-1)+1),
	('Apples',    'IL',    random()*(6-1)+1),
	('Apples',    'IN',    random()*(6-1)+1),
	('Apples',    'IA',    random()*(6-1)+1),
	('Apples',    'KS',    random()*(6-1)+1),
	('Apples',    'KY',    random()*(6-1)+1),
	('Apples',    'LA',    random()*(6-1)+1),
	('Apples',    'ME',    random()*(6-1)+1),
	('Apples',    'MD',    random()*(6-1)+1),
	('Apples',    'MA',    random()*(6-1)+1),
	('Apples',    'MI',    random()*(6-1)+1),
	('Apples',    'MN',    random()*(6-1)+1),
	('Apples',    'MS',    random()*(6-1)+1),
	('Apples',    'MO',    random()*(6-1)+1),
	('Apples',    'MT',    random()*(6-1)+1),
	('Apples',    'NE',    random()*(6-1)+1),
	('Apples',    'NV',    random()*(6-1)+1),
	('Apples',    'NH',    random()*(6-1)+1),
	('Apples',    'NJ',    random()*(6-1)+1),
	('Apples',    'NM',    random()*(6-1)+1),
	('Apples',    'NY',    random()*(6-1)+1),
	('Apples',    'NC',    random()*(6-1)+1),
	('Apples',    'ND',    random()*(6-1)+1),
	('Apples',    'OH',    random()*(6-1)+1),
	('Apples',    'OK',    random()*(6-1)+1),
	('Apples',    'OR',    random()*(6-1)+1),
	('Apples',    'PA',    random()*(6-1)+1),
	('Apples',    'RI',    random()*(6-1)+1),
	('Apples',    'SC',    random()*(6-1)+1),
	('Apples',    'SD',    random()*(6-1)+1),
	('Apples',    'TN',    random()*(6-1)+1),
	('Apples',    'TX',    random()*(6-1)+1),
	('Apples',    'UT',    random()*(6-1)+1),
	('Apples',    'VT',    random()*(6-1)+1),
	('Apples',    'VA',    random()*(6-1)+1),
	('Apples',    'WA',    random()*(6-1)+1),
	('Apples',    'WV',    random()*(6-1)+1),
	('Apples',    'WI',    random()*(6-1)+1),
	('Apples',    'WY',    random()*(6-1)+1),
	('Apples',    'DC',    random()*(6-1)+1),
	('Grapes',    'AL',    random()*(6-1)+1),
	('Grapes',    'AK',    random()*(6-1)+1),
	('Grapes',    'AZ',    random()*(6-1)+1),
	('Grapes',    'AR',    random()*(6-1)+1),
	('Grapes',    'CA',    random()*(6-1)+1),
	('Grapes',    'CO',    random()*(6-1)+1),
	('Grapes',    'CT',    random()*(6-1)+1),
	('Grapes',    'DE',    random()*(6-1)+1),
	('Grapes',    'FL',    random()*(6-1)+1),
	('Grapes',    'GA',    random()*(6-1)+1),
	('Grapes',    'HI',    random()*(6-1)+1),
	('Grapes',    'ID',    random()*(6-1)+1),
	('Grapes',    'IL',    random()*(6-1)+1),
	('Grapes',    'IN',    random()*(6-1)+1),
	('Grapes',    'IA',    random()*(6-1)+1),
	('Grapes',    'KS',    random()*(6-1)+1),
	('Grapes',    'KY',    random()*(6-1)+1),
	('Grapes',    'LA',    random()*(6-1)+1),
	('Grapes',    'ME',    random()*(6-1)+1),
	('Grapes',    'MD',    random()*(6-1)+1),
	('Grapes',    'MA',    random()*(6-1)+1),
	('Grapes',    'MI',    random()*(6-1)+1),
	('Grapes',    'MN',    random()*(6-1)+1),
	('Grapes',    'MS',    random()*(6-1)+1),
	('Grapes',    'MO',    random()*(6-1)+1),
	('Grapes',    'MT',    random()*(6-1)+1),
	('Grapes',    'NE',    random()*(6-1)+1),
	('Grapes',    'NV',    random()*(6-1)+1),
	('Grapes',    'NH',    random()*(6-1)+1),
	('Grapes',    'NJ',    random()*(6-1)+1),
	('Grapes',    'NM',    random()*(6-1)+1),
	('Grapes',    'NY',    random()*(6-1)+1),
	('Grapes',    'NC',    random()*(6-1)+1),
	('Grapes',    'ND',    random()*(6-1)+1),
	('Grapes',    'OH',    random()*(6-1)+1),
	('Grapes',    'OK',    random()*(6-1)+1),
	('Grapes',    'OR',    random()*(6-1)+1),
	('Grapes',    'PA',    random()*(6-1)+1),
	('Grapes',    'RI',    random()*(6-1)+1),
	('Grapes',    'SC',    random()*(6-1)+1),
	('Grapes',    'SD',    random()*(6-1)+1),
	('Grapes',    'TN',    random()*(6-1)+1),
	('Grapes',    'TX',    random()*(6-1)+1),
	('Grapes',    'UT',    random()*(6-1)+1),
	('Grapes',    'VT',    random()*(6-1)+1),
	('Grapes',    'VA',    random()*(6-1)+1),
	('Grapes',    'WA',    random()*(6-1)+1),
	('Grapes',    'WV',    random()*(6-1)+1),
	('Grapes',    'WI',    random()*(6-1)+1),
	('Grapes',    'WY',    random()*(6-1)+1),
	('Grapes',    'DC',    random()*(6-1)+1),
	('Ham',    'AL',    random()*(6-1)+1),
	('Ham',    'AK',    random()*(6-1)+1),
	('Ham',    'AZ',    random()*(6-1)+1),
	('Ham',    'AR',    random()*(6-1)+1),
	('Ham',    'CA',    random()*(6-1)+1),
	('Ham',    'CO',    random()*(6-1)+1),
	('Ham',    'CT',    random()*(6-1)+1),
	('Ham',    'DE',    random()*(6-1)+1),
	('Ham',    'FL',    random()*(6-1)+1),
	('Ham',    'GA',    random()*(6-1)+1),
	('Ham',    'HI',    random()*(6-1)+1),
	('Ham',    'ID',    random()*(6-1)+1),
	('Ham',    'IL',    random()*(6-1)+1),
	('Ham',    'IN',    random()*(6-1)+1),
	('Ham',    'IA',    random()*(6-1)+1),
	('Ham',    'KS',    random()*(6-1)+1),
	('Ham',    'KY',    random()*(6-1)+1),
	('Ham',    'LA',    random()*(6-1)+1),
	('Ham',    'ME',    random()*(6-1)+1),
	('Ham',    'MD',    random()*(6-1)+1),
	('Ham',    'MA',    random()*(6-1)+1),
	('Ham',    'MI',    random()*(6-1)+1),
	('Ham',    'MN',    random()*(6-1)+1),
	('Ham',    'MS',    random()*(6-1)+1),
	('Ham',    'MO',    random()*(6-1)+1),
	('Ham',    'MT',    random()*(6-1)+1),
	('Ham',    'NE',    random()*(6-1)+1),
	('Ham',    'NV',    random()*(6-1)+1),
	('Ham',    'NH',    random()*(6-1)+1),
	('Ham',    'NJ',    random()*(6-1)+1),
	('Ham',    'NM',    random()*(6-1)+1),
	('Ham',    'NY',    random()*(6-1)+1),
	('Ham',    'NC',    random()*(6-1)+1),
	('Ham',    'ND',    random()*(6-1)+1),
	('Ham',    'OH',    random()*(6-1)+1),
	('Ham',    'OK',    random()*(6-1)+1),
	('Ham',    'OR',    random()*(6-1)+1),
	('Ham',    'PA',    random()*(6-1)+1),
	('Ham',    'RI',    random()*(6-1)+1),
	('Ham',    'SC',    random()*(6-1)+1),
	('Ham',    'SD',    random()*(6-1)+1),
	('Ham',    'TN',    random()*(6-1)+1),
	('Ham',    'TX',    random()*(6-1)+1),
	('Ham',    'UT',    random()*(6-1)+1),
	('Ham',    'VT',    random()*(6-1)+1),
	('Ham',    'VA',    random()*(6-1)+1),
	('Ham',    'WA',    random()*(6-1)+1),
	('Ham',    'WV',    random()*(6-1)+1),
	('Ham',    'WI',    random()*(6-1)+1),
	('Ham',    'WY',    random()*(6-1)+1),
	('Ham',    'DC',    random()*(6-1)+1),
	('Turkey',    'AL',    random()*(6-1)+1),
	('Turkey',    'AK',    random()*(6-1)+1),
	('Turkey',    'AZ',    random()*(6-1)+1),
	('Turkey',    'AR',    random()*(6-1)+1),
	('Turkey',    'CA',    random()*(6-1)+1),
	('Turkey',    'CO',    random()*(6-1)+1),
	('Turkey',    'CT',    random()*(6-1)+1),
	('Turkey',    'DE',    random()*(6-1)+1),
	('Turkey',    'FL',    random()*(6-1)+1),
	('Turkey',    'GA',    random()*(6-1)+1),
	('Turkey',    'HI',    random()*(6-1)+1),
	('Turkey',    'ID',    random()*(6-1)+1),
	('Turkey',    'IL',    random()*(6-1)+1),
	('Turkey',    'IN',    random()*(6-1)+1),
	('Turkey',    'IA',    random()*(6-1)+1),
	('Turkey',    'KS',    random()*(6-1)+1),
	('Turkey',    'KY',    random()*(6-1)+1),
	('Turkey',    'LA',    random()*(6-1)+1),
	('Turkey',    'ME',    random()*(6-1)+1),
	('Turkey',    'MD',    random()*(6-1)+1),
	('Turkey',    'MA',    random()*(6-1)+1),
	('Turkey',    'MI',    random()*(6-1)+1),
	('Turkey',    'MN',    random()*(6-1)+1),
	('Turkey',    'MS',    random()*(6-1)+1),
	('Turkey',    'MO',    random()*(6-1)+1),
	('Turkey',    'MT',    random()*(6-1)+1),
	('Turkey',    'NE',    random()*(6-1)+1),
	('Turkey',    'NV',    random()*(6-1)+1),
	('Turkey',    'NH',    random()*(6-1)+1),
	('Turkey',    'NJ',    random()*(6-1)+1),
	('Turkey',    'NM',    random()*(6-1)+1),
	('Turkey',    'NY',    random()*(6-1)+1),
	('Turkey',    'NC',    random()*(6-1)+1),
	('Turkey',    'ND',    random()*(6-1)+1),
	('Turkey',    'OH',    random()*(6-1)+1),
	('Turkey',    'OK',    random()*(6-1)+1),
	('Turkey',    'OR',    random()*(6-1)+1),
	('Turkey',    'PA',    random()*(6-1)+1),
	('Turkey',    'RI',    random()*(6-1)+1),
	('Turkey',    'SC',    random()*(6-1)+1),
	('Turkey',    'SD',    random()*(6-1)+1),
	('Turkey',    'TN',    random()*(6-1)+1),
	('Turkey',    'TX',    random()*(6-1)+1),
	('Turkey',    'UT',    random()*(6-1)+1),
	('Turkey',    'VT',    random()*(6-1)+1),
	('Turkey',    'VA',    random()*(6-1)+1),
	('Turkey',    'WA',    random()*(6-1)+1),
	('Turkey',    'WV',    random()*(6-1)+1),
	('Turkey',    'WI',    random()*(6-1)+1),
	('Turkey',    'WY',    random()*(6-1)+1),
	('Turkey',    'DC',    random()*(6-1)+1),
	('Bacon',    'AL',    random()*(6-1)+1),
	('Bacon',    'AK',    random()*(6-1)+1),
	('Bacon',    'AZ',    random()*(6-1)+1),
	('Bacon',    'AR',    random()*(6-1)+1),
	('Bacon',    'CA',    random()*(6-1)+1),
	('Bacon',    'CO',    random()*(6-1)+1),
	('Bacon',    'CT',    random()*(6-1)+1),
	('Bacon',    'DE',    random()*(6-1)+1),
	('Bacon',    'FL',    random()*(6-1)+1),
	('Bacon',    'GA',    random()*(6-1)+1),
	('Bacon',    'HI',    random()*(6-1)+1),
	('Bacon',    'ID',    random()*(6-1)+1),
	('Bacon',    'IL',    random()*(6-1)+1),
	('Bacon',    'IN',    random()*(6-1)+1),
	('Bacon',    'IA',    random()*(6-1)+1),
	('Bacon',    'KS',    random()*(6-1)+1),
	('Bacon',    'KY',    random()*(6-1)+1),
	('Bacon',    'LA',    random()*(6-1)+1),
	('Bacon',    'ME',    random()*(6-1)+1),
	('Bacon',    'MD',    random()*(6-1)+1),
	('Bacon',    'MA',    random()*(6-1)+1),
	('Bacon',    'MI',    random()*(6-1)+1),
	('Bacon',    'MN',    random()*(6-1)+1),
	('Bacon',    'MS',    random()*(6-1)+1),
	('Bacon',    'MO',    random()*(6-1)+1),
	('Bacon',    'MT',    random()*(6-1)+1),
	('Bacon',    'NE',    random()*(6-1)+1),
	('Bacon',    'NV',    random()*(6-1)+1),
	('Bacon',    'NH',    random()*(6-1)+1),
	('Bacon',    'NJ',    random()*(6-1)+1),
	('Bacon',    'NM',    random()*(6-1)+1),
	('Bacon',    'NY',    random()*(6-1)+1),
	('Bacon',    'NC',    random()*(6-1)+1),
	('Bacon',    'ND',    random()*(6-1)+1),
	('Bacon',    'OH',    random()*(6-1)+1),
	('Bacon',    'OK',    random()*(6-1)+1),
	('Bacon',    'OR',    random()*(6-1)+1),
	('Bacon',    'PA',    random()*(6-1)+1),
	('Bacon',    'RI',    random()*(6-1)+1),
	('Bacon',    'SC',    random()*(6-1)+1),
	('Bacon',    'SD',    random()*(6-1)+1),
	('Bacon',    'TN',    random()*(6-1)+1),
	('Bacon',    'TX',    random()*(6-1)+1),
	('Bacon',    'UT',    random()*(6-1)+1),
	('Bacon',    'VT',    random()*(6-1)+1),
	('Bacon',    'VA',    random()*(6-1)+1),
	('Bacon',    'WA',    random()*(6-1)+1),
	('Bacon',    'WV',    random()*(6-1)+1),
	('Bacon',    'WI',    random()*(6-1)+1),
	('Bacon',    'WY',    random()*(6-1)+1),
	('Bacon',    'DC',    random()*(6-1)+1),
	('Ground Beef',    'AL',    random()*(6-1)+1),
	('Ground Beef',    'AK',    random()*(6-1)+1),
	('Ground Beef',    'AZ',    random()*(6-1)+1),
	('Ground Beef',    'AR',    random()*(6-1)+1),
	('Ground Beef',    'CA',    random()*(6-1)+1),
	('Ground Beef',    'CO',    random()*(6-1)+1),
	('Ground Beef',    'CT',    random()*(6-1)+1),
	('Ground Beef',    'DE',    random()*(6-1)+1),
	('Ground Beef',    'FL',    random()*(6-1)+1),
	('Ground Beef',    'GA',    random()*(6-1)+1),
	('Ground Beef',    'HI',    random()*(6-1)+1),
	('Ground Beef',    'ID',    random()*(6-1)+1),
	('Ground Beef',    'IL',    random()*(6-1)+1),
	('Ground Beef',    'IN',    random()*(6-1)+1),
	('Ground Beef',    'IA',    random()*(6-1)+1),
	('Ground Beef',    'KS',    random()*(6-1)+1),
	('Ground Beef',    'KY',    random()*(6-1)+1),
	('Ground Beef',    'LA',    random()*(6-1)+1),
	('Ground Beef',    'ME',    random()*(6-1)+1),
	('Ground Beef',    'MD',    random()*(6-1)+1),
	('Ground Beef',    'MA',    random()*(6-1)+1),
	('Ground Beef',    'MI',    random()*(6-1)+1),
	('Ground Beef',    'MN',    random()*(6-1)+1),
	('Ground Beef',    'MS',    random()*(6-1)+1),
	('Ground Beef',    'MO',    random()*(6-1)+1),
	('Ground Beef',    'MT',    random()*(6-1)+1),
	('Ground Beef',    'NE',    random()*(6-1)+1),
	('Ground Beef',    'NV',    random()*(6-1)+1),
	('Ground Beef',    'NH',    random()*(6-1)+1),
	('Ground Beef',    'NJ',    random()*(6-1)+1),
	('Ground Beef',    'NM',    random()*(6-1)+1),
	('Ground Beef',    'NY',    random()*(6-1)+1),
	('Ground Beef',    'NC',    random()*(6-1)+1),
	('Ground Beef',    'ND',    random()*(6-1)+1),
	('Ground Beef',    'OH',    random()*(6-1)+1),
	('Ground Beef',    'OK',    random()*(6-1)+1),
	('Ground Beef',    'OR',    random()*(6-1)+1),
	('Ground Beef',    'PA',    random()*(6-1)+1),
	('Ground Beef',    'RI',    random()*(6-1)+1),
	('Ground Beef',    'SC',    random()*(6-1)+1),
	('Ground Beef',    'SD',    random()*(6-1)+1),
	('Ground Beef',    'TN',    random()*(6-1)+1),
	('Ground Beef',    'TX',    random()*(6-1)+1),
	('Ground Beef',    'UT',    random()*(6-1)+1),
	('Ground Beef',    'VT',    random()*(6-1)+1),
	('Ground Beef',    'VA',    random()*(6-1)+1),
	('Ground Beef',    'WA',    random()*(6-1)+1),
	('Ground Beef',    'WV',    random()*(6-1)+1),
	('Ground Beef',    'WI',    random()*(6-1)+1),
	('Ground Beef',    'WY',    random()*(6-1)+1),
	('Ground Beef',    'DC',    random()*(6-1)+1),
	('Salmon Fillet',    'AL',    random()*(6-1)+1),
	('Salmon Fillet',    'AK',    random()*(6-1)+1),
	('Salmon Fillet',    'AZ',    random()*(6-1)+1),
	('Salmon Fillet',    'AR',    random()*(6-1)+1),
	('Salmon Fillet',    'CA',    random()*(6-1)+1),
	('Salmon Fillet',    'CO',    random()*(6-1)+1),
	('Salmon Fillet',    'CT',    random()*(6-1)+1),
	('Salmon Fillet',    'DE',    random()*(6-1)+1),
	('Salmon Fillet',    'FL',    random()*(6-1)+1),
	('Salmon Fillet',    'GA',    random()*(6-1)+1),
	('Salmon Fillet',    'HI',    random()*(6-1)+1),
	('Salmon Fillet',    'ID',    random()*(6-1)+1),
	('Salmon Fillet',    'IL',    random()*(6-1)+1),
	('Salmon Fillet',    'IN',    random()*(6-1)+1),
	('Salmon Fillet',    'IA',    random()*(6-1)+1),
	('Salmon Fillet',    'KS',    random()*(6-1)+1),
	('Salmon Fillet',    'KY',    random()*(6-1)+1),
	('Salmon Fillet',    'LA',    random()*(6-1)+1),
	('Salmon Fillet',    'ME',    random()*(6-1)+1),
	('Salmon Fillet',    'MD',    random()*(6-1)+1),
	('Salmon Fillet',    'MA',    random()*(6-1)+1),
	('Salmon Fillet',    'MI',    random()*(6-1)+1),
	('Salmon Fillet',    'MN',    random()*(6-1)+1),
	('Salmon Fillet',    'MS',    random()*(6-1)+1),
	('Salmon Fillet',    'MO',    random()*(6-1)+1),
	('Salmon Fillet',    'MT',    random()*(6-1)+1),
	('Salmon Fillet',    'NE',    random()*(6-1)+1),
	('Salmon Fillet',    'NV',    random()*(6-1)+1),
	('Salmon Fillet',    'NH',    random()*(6-1)+1),
	('Salmon Fillet',    'NJ',    random()*(6-1)+1),
	('Salmon Fillet',    'NM',    random()*(6-1)+1),
	('Salmon Fillet',    'NY',    random()*(6-1)+1),
	('Salmon Fillet',    'NC',    random()*(6-1)+1),
	('Salmon Fillet',    'ND',    random()*(6-1)+1),
	('Salmon Fillet',    'OH',    random()*(6-1)+1),
	('Salmon Fillet',    'OK',    random()*(6-1)+1),
	('Salmon Fillet',    'OR',    random()*(6-1)+1),
	('Salmon Fillet',    'PA',    random()*(6-1)+1),
	('Salmon Fillet',    'RI',    random()*(6-1)+1),
	('Salmon Fillet',    'SC',    random()*(6-1)+1),
	('Salmon Fillet',    'SD',    random()*(6-1)+1),
	('Salmon Fillet',    'TN',    random()*(6-1)+1),
	('Salmon Fillet',    'TX',    random()*(6-1)+1),
	('Salmon Fillet',    'UT',    random()*(6-1)+1),
	('Salmon Fillet',    'VT',    random()*(6-1)+1),
	('Salmon Fillet',    'VA',    random()*(6-1)+1),
	('Salmon Fillet',    'WA',    random()*(6-1)+1),
	('Salmon Fillet',    'WV',    random()*(6-1)+1),
	('Salmon Fillet',    'WI',    random()*(6-1)+1),
	('Salmon Fillet',    'WY',    random()*(6-1)+1),
	('Salmon Fillet',    'DC',    random()*(6-1)+1),
	('Tuna',    'AL',    random()*(6-1)+1),
	('Tuna',    'AK',    random()*(6-1)+1),
	('Tuna',    'AZ',    random()*(6-1)+1),
	('Tuna',    'AR',    random()*(6-1)+1),
	('Tuna',    'CA',    random()*(6-1)+1),
	('Tuna',    'CO',    random()*(6-1)+1),
	('Tuna',    'CT',    random()*(6-1)+1),
	('Tuna',    'DE',    random()*(6-1)+1),
	('Tuna',    'FL',    random()*(6-1)+1),
	('Tuna',    'GA',    random()*(6-1)+1),
	('Tuna',    'HI',    random()*(6-1)+1),
	('Tuna',    'ID',    random()*(6-1)+1),
	('Tuna',    'IL',    random()*(6-1)+1),
	('Tuna',    'IN',    random()*(6-1)+1),
	('Tuna',    'IA',    random()*(6-1)+1),
	('Tuna',    'KS',    random()*(6-1)+1),
	('Tuna',    'KY',    random()*(6-1)+1),
	('Tuna',    'LA',    random()*(6-1)+1),
	('Tuna',    'ME',    random()*(6-1)+1),
	('Tuna',    'MD',    random()*(6-1)+1),
	('Tuna',    'MA',    random()*(6-1)+1),
	('Tuna',    'MI',    random()*(6-1)+1),
	('Tuna',    'MN',    random()*(6-1)+1),
	('Tuna',    'MS',    random()*(6-1)+1),
	('Tuna',    'MO',    random()*(6-1)+1),
	('Tuna',    'MT',    random()*(6-1)+1),
	('Tuna',    'NE',    random()*(6-1)+1),
	('Tuna',    'NV',    random()*(6-1)+1),
	('Tuna',    'NH',    random()*(6-1)+1),
	('Tuna',    'NJ',    random()*(6-1)+1),
	('Tuna',    'NM',    random()*(6-1)+1),
	('Tuna',    'NY',    random()*(6-1)+1),
	('Tuna',    'NC',    random()*(6-1)+1),
	('Tuna',    'ND',    random()*(6-1)+1),
	('Tuna',    'OH',    random()*(6-1)+1),
	('Tuna',    'OK',    random()*(6-1)+1),
	('Tuna',    'OR',    random()*(6-1)+1),
	('Tuna',    'PA',    random()*(6-1)+1),
	('Tuna',    'RI',    random()*(6-1)+1),
	('Tuna',    'SC',    random()*(6-1)+1),
	('Tuna',    'SD',    random()*(6-1)+1),
	('Tuna',    'TN',    random()*(6-1)+1),
	('Tuna',    'TX',    random()*(6-1)+1),
	('Tuna',    'UT',    random()*(6-1)+1),
	('Tuna',    'VT',    random()*(6-1)+1),
	('Tuna',    'VA',    random()*(6-1)+1),
	('Tuna',    'WA',    random()*(6-1)+1),
	('Tuna',    'WV',    random()*(6-1)+1),
	('Tuna',    'WI',    random()*(6-1)+1),
	('Tuna',    'WY',    random()*(6-1)+1),
	('Tuna',    'DC',    random()*(6-1)+1),
	('Milk',    'AL',    random()*(6-1)+1),
	('Milk',    'AK',    random()*(6-1)+1),
	('Milk',    'AZ',    random()*(6-1)+1),
	('Milk',    'AR',    random()*(6-1)+1),
	('Milk',    'CA',    random()*(6-1)+1),
	('Milk',    'CO',    random()*(6-1)+1),
	('Milk',    'CT',    random()*(6-1)+1),
	('Milk',    'DE',    random()*(6-1)+1),
	('Milk',    'FL',    random()*(6-1)+1),
	('Milk',    'GA',    random()*(6-1)+1),
	('Milk',    'HI',    random()*(6-1)+1),
	('Milk',    'ID',    random()*(6-1)+1),
	('Milk',    'IL',    random()*(6-1)+1),
	('Milk',    'IN',    random()*(6-1)+1),
	('Milk',    'IA',    random()*(6-1)+1),
	('Milk',    'KS',    random()*(6-1)+1),
	('Milk',    'KY',    random()*(6-1)+1),
	('Milk',    'LA',    random()*(6-1)+1),
	('Milk',    'ME',    random()*(6-1)+1),
	('Milk',    'MD',    random()*(6-1)+1),
	('Milk',    'MA',    random()*(6-1)+1),
	('Milk',    'MI',    random()*(6-1)+1),
	('Milk',    'MN',    random()*(6-1)+1),
	('Milk',    'MS',    random()*(6-1)+1),
	('Milk',    'MO',    random()*(6-1)+1),
	('Milk',    'MT',    random()*(6-1)+1),
	('Milk',    'NE',    random()*(6-1)+1),
	('Milk',    'NV',    random()*(6-1)+1),
	('Milk',    'NH',    random()*(6-1)+1),
	('Milk',    'NJ',    random()*(6-1)+1),
	('Milk',    'NM',    random()*(6-1)+1),
	('Milk',    'NY',    random()*(6-1)+1),
	('Milk',    'NC',    random()*(6-1)+1),
	('Milk',    'ND',    random()*(6-1)+1),
	('Milk',    'OH',    random()*(6-1)+1),
	('Milk',    'OK',    random()*(6-1)+1),
	('Milk',    'OR',    random()*(6-1)+1),
	('Milk',    'PA',    random()*(6-1)+1),
	('Milk',    'RI',    random()*(6-1)+1),
	('Milk',    'SC',    random()*(6-1)+1),
	('Milk',    'SD',    random()*(6-1)+1),
	('Milk',    'TN',    random()*(6-1)+1),
	('Milk',    'TX',    random()*(6-1)+1),
	('Milk',    'UT',    random()*(6-1)+1),
	('Milk',    'VT',    random()*(6-1)+1),
	('Milk',    'VA',    random()*(6-1)+1),
	('Milk',    'WA',    random()*(6-1)+1),
	('Milk',    'WV',    random()*(6-1)+1),
	('Milk',    'WI',    random()*(6-1)+1),
	('Milk',    'WY',    random()*(6-1)+1),
	('Milk',    'DC',    random()*(6-1)+1),
	('Eggs',    'AL',    random()*(6-1)+1),
	('Eggs',    'AK',    random()*(6-1)+1),
	('Eggs',    'AZ',    random()*(6-1)+1),
	('Eggs',    'AR',    random()*(6-1)+1),
	('Eggs',    'CA',    random()*(6-1)+1),
	('Eggs',    'CO',    random()*(6-1)+1),
	('Eggs',    'CT',    random()*(6-1)+1),
	('Eggs',    'DE',    random()*(6-1)+1),
	('Eggs',    'FL',    random()*(6-1)+1),
	('Eggs',    'GA',    random()*(6-1)+1),
	('Eggs',    'HI',    random()*(6-1)+1),
	('Eggs',    'ID',    random()*(6-1)+1),
	('Eggs',    'IL',    random()*(6-1)+1),
	('Eggs',    'IN',    random()*(6-1)+1),
	('Eggs',    'IA',    random()*(6-1)+1),
	('Eggs',    'KS',    random()*(6-1)+1),
	('Eggs',    'KY',    random()*(6-1)+1),
	('Eggs',    'LA',    random()*(6-1)+1),
	('Eggs',    'ME',    random()*(6-1)+1),
	('Eggs',    'MD',    random()*(6-1)+1),
	('Eggs',    'MA',    random()*(6-1)+1),
	('Eggs',    'MI',    random()*(6-1)+1),
	('Eggs',    'MN',    random()*(6-1)+1),
	('Eggs',    'MS',    random()*(6-1)+1),
	('Eggs',    'MO',    random()*(6-1)+1),
	('Eggs',    'MT',    random()*(6-1)+1),
	('Eggs',    'NE',    random()*(6-1)+1),
	('Eggs',    'NV',    random()*(6-1)+1),
	('Eggs',    'NH',    random()*(6-1)+1),
	('Eggs',    'NJ',    random()*(6-1)+1),
	('Eggs',    'NM',    random()*(6-1)+1),
	('Eggs',    'NY',    random()*(6-1)+1),
	('Eggs',    'NC',    random()*(6-1)+1),
	('Eggs',    'ND',    random()*(6-1)+1),
	('Eggs',    'OH',    random()*(6-1)+1),
	('Eggs',    'OK',    random()*(6-1)+1),
	('Eggs',    'OR',    random()*(6-1)+1),
	('Eggs',    'PA',    random()*(6-1)+1),
	('Eggs',    'RI',    random()*(6-1)+1),
	('Eggs',    'SC',    random()*(6-1)+1),
	('Eggs',    'SD',    random()*(6-1)+1),
	('Eggs',    'TN',    random()*(6-1)+1),
	('Eggs',    'TX',    random()*(6-1)+1),
	('Eggs',    'UT',    random()*(6-1)+1),
	('Eggs',    'VT',    random()*(6-1)+1),
	('Eggs',    'VA',    random()*(6-1)+1),
	('Eggs',    'WA',    random()*(6-1)+1),
	('Eggs',    'WV',    random()*(6-1)+1),
	('Eggs',    'WI',    random()*(6-1)+1),
	('Eggs',    'WY',    random()*(6-1)+1),
	('Eggs',    'DC',    random()*(6-1)+1),
	('Cheese',    'AL',    random()*(6-1)+1),
	('Cheese',    'AK',    random()*(6-1)+1),
	('Cheese',    'AZ',    random()*(6-1)+1),
	('Cheese',    'AR',    random()*(6-1)+1),
	('Cheese',    'CA',    random()*(6-1)+1),
	('Cheese',    'CO',    random()*(6-1)+1),
	('Cheese',    'CT',    random()*(6-1)+1),
	('Cheese',    'DE',    random()*(6-1)+1),
	('Cheese',    'FL',    random()*(6-1)+1),
	('Cheese',    'GA',    random()*(6-1)+1),
	('Cheese',    'HI',    random()*(6-1)+1),
	('Cheese',    'ID',    random()*(6-1)+1),
	('Cheese',    'IL',    random()*(6-1)+1),
	('Cheese',    'IN',    random()*(6-1)+1),
	('Cheese',    'IA',    random()*(6-1)+1),
	('Cheese',    'KS',    random()*(6-1)+1),
	('Cheese',    'KY',    random()*(6-1)+1),
	('Cheese',    'LA',    random()*(6-1)+1),
	('Cheese',    'ME',    random()*(6-1)+1),
	('Cheese',    'MD',    random()*(6-1)+1),
	('Cheese',    'MA',    random()*(6-1)+1),
	('Cheese',    'MI',    random()*(6-1)+1),
	('Cheese',    'MN',    random()*(6-1)+1),
	('Cheese',    'MS',    random()*(6-1)+1),
	('Cheese',    'MO',    random()*(6-1)+1),
	('Cheese',    'MT',    random()*(6-1)+1),
	('Cheese',    'NE',    random()*(6-1)+1),
	('Cheese',    'NV',    random()*(6-1)+1),
	('Cheese',    'NH',    random()*(6-1)+1),
	('Cheese',    'NJ',    random()*(6-1)+1),
	('Cheese',    'NM',    random()*(6-1)+1),
	('Cheese',    'NY',    random()*(6-1)+1),
	('Cheese',    'NC',    random()*(6-1)+1),
	('Cheese',    'ND',    random()*(6-1)+1),
	('Cheese',    'OH',    random()*(6-1)+1),
	('Cheese',    'OK',    random()*(6-1)+1),
	('Cheese',    'OR',    random()*(6-1)+1),
	('Cheese',    'PA',    random()*(6-1)+1),
	('Cheese',    'RI',    random()*(6-1)+1),
	('Cheese',    'SC',    random()*(6-1)+1),
	('Cheese',    'SD',    random()*(6-1)+1),
	('Cheese',    'TN',    random()*(6-1)+1),
	('Cheese',    'TX',    random()*(6-1)+1),
	('Cheese',    'UT',    random()*(6-1)+1),
	('Cheese',    'VT',    random()*(6-1)+1),
	('Cheese',    'VA',    random()*(6-1)+1),
	('Cheese',    'WA',    random()*(6-1)+1),
	('Cheese',    'WV',    random()*(6-1)+1),
	('Cheese',    'WI',    random()*(6-1)+1),
	('Cheese',    'WY',    random()*(6-1)+1),
	('Cheese',    'DC',    random()*(6-1)+1),
	('Greek Yogurt',    'AL',    random()*(6-1)+1),
	('Greek Yogurt',    'AK',    random()*(6-1)+1),
	('Greek Yogurt',    'AZ',    random()*(6-1)+1),
	('Greek Yogurt',    'AR',    random()*(6-1)+1),
	('Greek Yogurt',    'CA',    random()*(6-1)+1),
	('Greek Yogurt',    'CO',    random()*(6-1)+1),
	('Greek Yogurt',    'CT',    random()*(6-1)+1),
	('Greek Yogurt',    'DE',    random()*(6-1)+1),
	('Greek Yogurt',    'FL',    random()*(6-1)+1),
	('Greek Yogurt',    'GA',    random()*(6-1)+1),
	('Greek Yogurt',    'HI',    random()*(6-1)+1),
	('Greek Yogurt',    'ID',    random()*(6-1)+1),
	('Greek Yogurt',    'IL',    random()*(6-1)+1),
	('Greek Yogurt',    'IN',    random()*(6-1)+1),
	('Greek Yogurt',    'IA',    random()*(6-1)+1),
	('Greek Yogurt',    'KS',    random()*(6-1)+1),
	('Greek Yogurt',    'KY',    random()*(6-1)+1),
	('Greek Yogurt',    'LA',    random()*(6-1)+1),
	('Greek Yogurt',    'ME',    random()*(6-1)+1),
	('Greek Yogurt',    'MD',    random()*(6-1)+1),
	('Greek Yogurt',    'MA',    random()*(6-1)+1),
	('Greek Yogurt',    'MI',    random()*(6-1)+1),
	('Greek Yogurt',    'MN',    random()*(6-1)+1),
	('Greek Yogurt',    'MS',    random()*(6-1)+1),
	('Greek Yogurt',    'MO',    random()*(6-1)+1),
	('Greek Yogurt',    'MT',    random()*(6-1)+1),
	('Greek Yogurt',    'NE',    random()*(6-1)+1),
	('Greek Yogurt',    'NV',    random()*(6-1)+1),
	('Greek Yogurt',    'NH',    random()*(6-1)+1),
	('Greek Yogurt',    'NJ',    random()*(6-1)+1),
	('Greek Yogurt',    'NM',    random()*(6-1)+1),
	('Greek Yogurt',    'NY',    random()*(6-1)+1),
	('Greek Yogurt',    'NC',    random()*(6-1)+1),
	('Greek Yogurt',    'ND',    random()*(6-1)+1),
	('Greek Yogurt',    'OH',    random()*(6-1)+1),
	('Greek Yogurt',    'OK',    random()*(6-1)+1),
	('Greek Yogurt',    'OR',    random()*(6-1)+1),
	('Greek Yogurt',    'PA',    random()*(6-1)+1),
	('Greek Yogurt',    'RI',    random()*(6-1)+1),
	('Greek Yogurt',    'SC',    random()*(6-1)+1),
	('Greek Yogurt',    'SD',    random()*(6-1)+1),
	('Greek Yogurt',    'TN',    random()*(6-1)+1),
	('Greek Yogurt',    'TX',    random()*(6-1)+1),
	('Greek Yogurt',    'UT',    random()*(6-1)+1),
	('Greek Yogurt',    'VT',    random()*(6-1)+1),
	('Greek Yogurt',    'VA',    random()*(6-1)+1),
	('Greek Yogurt',    'WA',    random()*(6-1)+1),
	('Greek Yogurt',    'WV',    random()*(6-1)+1),
	('Greek Yogurt',    'WI',    random()*(6-1)+1),
	('Greek Yogurt',    'WY',    random()*(6-1)+1),
	('Greek Yogurt',    'DC',    random()*(6-1)+1),
	('Whipped Cream',    'AL',    random()*(6-1)+1),
	('Whipped Cream',    'AK',    random()*(6-1)+1),
	('Whipped Cream',    'AZ',    random()*(6-1)+1),
	('Whipped Cream',    'AR',    random()*(6-1)+1),
	('Whipped Cream',    'CA',    random()*(6-1)+1),
	('Whipped Cream',    'CO',    random()*(6-1)+1),
	('Whipped Cream',    'CT',    random()*(6-1)+1),
	('Whipped Cream',    'DE',    random()*(6-1)+1),
	('Whipped Cream',    'FL',    random()*(6-1)+1),
	('Whipped Cream',    'GA',    random()*(6-1)+1),
	('Whipped Cream',    'HI',    random()*(6-1)+1),
	('Whipped Cream',    'ID',    random()*(6-1)+1),
	('Whipped Cream',    'IL',    random()*(6-1)+1),
	('Whipped Cream',    'IN',    random()*(6-1)+1),
	('Whipped Cream',    'IA',    random()*(6-1)+1),
	('Whipped Cream',    'KS',    random()*(6-1)+1),
	('Whipped Cream',    'KY',    random()*(6-1)+1),
	('Whipped Cream',    'LA',    random()*(6-1)+1),
	('Whipped Cream',    'ME',    random()*(6-1)+1),
	('Whipped Cream',    'MD',    random()*(6-1)+1),
	('Whipped Cream',    'MA',    random()*(6-1)+1),
	('Whipped Cream',    'MI',    random()*(6-1)+1),
	('Whipped Cream',    'MN',    random()*(6-1)+1),
	('Whipped Cream',    'MS',    random()*(6-1)+1),
	('Whipped Cream',    'MO',    random()*(6-1)+1),
	('Whipped Cream',    'MT',    random()*(6-1)+1),
	('Whipped Cream',    'NE',    random()*(6-1)+1),
	('Whipped Cream',    'NV',    random()*(6-1)+1),
	('Whipped Cream',    'NH',    random()*(6-1)+1),
	('Whipped Cream',    'NJ',    random()*(6-1)+1),
	('Whipped Cream',    'NM',    random()*(6-1)+1),
	('Whipped Cream',    'NY',    random()*(6-1)+1),
	('Whipped Cream',    'NC',    random()*(6-1)+1),
	('Whipped Cream',    'ND',    random()*(6-1)+1),
	('Whipped Cream',    'OH',    random()*(6-1)+1),
	('Whipped Cream',    'OK',    random()*(6-1)+1),
	('Whipped Cream',    'OR',    random()*(6-1)+1),
	('Whipped Cream',    'PA',    random()*(6-1)+1),
	('Whipped Cream',    'RI',    random()*(6-1)+1),
	('Whipped Cream',    'SC',    random()*(6-1)+1),
	('Whipped Cream',    'SD',    random()*(6-1)+1),
	('Whipped Cream',    'TN',    random()*(6-1)+1),
	('Whipped Cream',    'TX',    random()*(6-1)+1),
	('Whipped Cream',    'UT',    random()*(6-1)+1),
	('Whipped Cream',    'VT',    random()*(6-1)+1),
	('Whipped Cream',    'VA',    random()*(6-1)+1),
	('Whipped Cream',    'WA',    random()*(6-1)+1),
	('Whipped Cream',    'WV',    random()*(6-1)+1),
	('Whipped Cream',    'WI',    random()*(6-1)+1),
	('Whipped Cream',    'WY',    random()*(6-1)+1),
	('Whipped Cream',    'DC',    random()*(6-1)+1),
	('Butter',    'AL',    random()*(6-1)+1),
	('Butter',    'AK',    random()*(6-1)+1),
	('Butter',    'AZ',    random()*(6-1)+1),
	('Butter',    'AR',    random()*(6-1)+1),
	('Butter',    'CA',    random()*(6-1)+1),
	('Butter',    'CO',    random()*(6-1)+1),
	('Butter',    'CT',    random()*(6-1)+1),
	('Butter',    'DE',    random()*(6-1)+1),
	('Butter',    'FL',    random()*(6-1)+1),
	('Butter',    'GA',    random()*(6-1)+1),
	('Butter',    'HI',    random()*(6-1)+1),
	('Butter',    'ID',    random()*(6-1)+1),
	('Butter',    'IL',    random()*(6-1)+1),
	('Butter',    'IN',    random()*(6-1)+1),
	('Butter',    'IA',    random()*(6-1)+1),
	('Butter',    'KS',    random()*(6-1)+1),
	('Butter',    'KY',    random()*(6-1)+1),
	('Butter',    'LA',    random()*(6-1)+1),
	('Butter',    'ME',    random()*(6-1)+1),
	('Butter',    'MD',    random()*(6-1)+1),
	('Butter',    'MA',    random()*(6-1)+1),
	('Butter',    'MI',    random()*(6-1)+1),
	('Butter',    'MN',    random()*(6-1)+1),
	('Butter',    'MS',    random()*(6-1)+1),
	('Butter',    'MO',    random()*(6-1)+1),
	('Butter',    'MT',    random()*(6-1)+1),
	('Butter',    'NE',    random()*(6-1)+1),
	('Butter',    'NV',    random()*(6-1)+1),
	('Butter',    'NH',    random()*(6-1)+1),
	('Butter',    'NJ',    random()*(6-1)+1),
	('Butter',    'NM',    random()*(6-1)+1),
	('Butter',    'NY',    random()*(6-1)+1),
	('Butter',    'NC',    random()*(6-1)+1),
	('Butter',    'ND',    random()*(6-1)+1),
	('Butter',    'OH',    random()*(6-1)+1),
	('Butter',    'OK',    random()*(6-1)+1),
	('Butter',    'OR',    random()*(6-1)+1),
	('Butter',    'PA',    random()*(6-1)+1),
	('Butter',    'RI',    random()*(6-1)+1),
	('Butter',    'SC',    random()*(6-1)+1),
	('Butter',    'SD',    random()*(6-1)+1),
	('Butter',    'TN',    random()*(6-1)+1),
	('Butter',    'TX',    random()*(6-1)+1),
	('Butter',    'UT',    random()*(6-1)+1),
	('Butter',    'VT',    random()*(6-1)+1),
	('Butter',    'VA',    random()*(6-1)+1),
	('Butter',    'WA',    random()*(6-1)+1),
	('Butter',    'WV',    random()*(6-1)+1),
	('Butter',    'WI',    random()*(6-1)+1),
	('Butter',    'WY',    random()*(6-1)+1),
	('Butter',    'DC',    random()*(6-1)+1),
	('Frozen Pizza',    'AL',    random()*(6-1)+1),
	('Frozen Pizza',    'AK',    random()*(6-1)+1),
	('Frozen Pizza',    'AZ',    random()*(6-1)+1),
	('Frozen Pizza',    'AR',    random()*(6-1)+1),
	('Frozen Pizza',    'CA',    random()*(6-1)+1),
	('Frozen Pizza',    'CO',    random()*(6-1)+1),
	('Frozen Pizza',    'CT',    random()*(6-1)+1),
	('Frozen Pizza',    'DE',    random()*(6-1)+1),
	('Frozen Pizza',    'FL',    random()*(6-1)+1),
	('Frozen Pizza',    'GA',    random()*(6-1)+1),
	('Frozen Pizza',    'HI',    random()*(6-1)+1),
	('Frozen Pizza',    'ID',    random()*(6-1)+1),
	('Frozen Pizza',    'IL',    random()*(6-1)+1),
	('Frozen Pizza',    'IN',    random()*(6-1)+1),
	('Frozen Pizza',    'IA',    random()*(6-1)+1),
	('Frozen Pizza',    'KS',    random()*(6-1)+1),
	('Frozen Pizza',    'KY',    random()*(6-1)+1),
	('Frozen Pizza',    'LA',    random()*(6-1)+1),
	('Frozen Pizza',    'ME',    random()*(6-1)+1),
	('Frozen Pizza',    'MD',    random()*(6-1)+1),
	('Frozen Pizza',    'MA',    random()*(6-1)+1),
	('Frozen Pizza',    'MI',    random()*(6-1)+1),
	('Frozen Pizza',    'MN',    random()*(6-1)+1),
	('Frozen Pizza',    'MS',    random()*(6-1)+1),
	('Frozen Pizza',    'MO',    random()*(6-1)+1),
	('Frozen Pizza',    'MT',    random()*(6-1)+1),
	('Frozen Pizza',    'NE',    random()*(6-1)+1),
	('Frozen Pizza',    'NV',    random()*(6-1)+1),
	('Frozen Pizza',    'NH',    random()*(6-1)+1),
	('Frozen Pizza',    'NJ',    random()*(6-1)+1),
	('Frozen Pizza',    'NM',    random()*(6-1)+1),
	('Frozen Pizza',    'NY',    random()*(6-1)+1),
	('Frozen Pizza',    'NC',    random()*(6-1)+1),
	('Frozen Pizza',    'ND',    random()*(6-1)+1),
	('Frozen Pizza',    'OH',    random()*(6-1)+1),
	('Frozen Pizza',    'OK',    random()*(6-1)+1),
	('Frozen Pizza',    'OR',    random()*(6-1)+1),
	('Frozen Pizza',    'PA',    random()*(6-1)+1),
	('Frozen Pizza',    'RI',    random()*(6-1)+1),
	('Frozen Pizza',    'SC',    random()*(6-1)+1),
	('Frozen Pizza',    'SD',    random()*(6-1)+1),
	('Frozen Pizza',    'TN',    random()*(6-1)+1),
	('Frozen Pizza',    'TX',    random()*(6-1)+1),
	('Frozen Pizza',    'UT',    random()*(6-1)+1),
	('Frozen Pizza',    'VT',    random()*(6-1)+1),
	('Frozen Pizza',    'VA',    random()*(6-1)+1),
	('Frozen Pizza',    'WA',    random()*(6-1)+1),
	('Frozen Pizza',    'WV',    random()*(6-1)+1),
	('Frozen Pizza',    'WI',    random()*(6-1)+1),
	('Frozen Pizza',    'WY',    random()*(6-1)+1),
	('Frozen Pizza',    'DC',    random()*(6-1)+1),
	('Vanilla Ice Cream',    'AL',    random()*(6-1)+1),
	('Vanilla Ice Cream',    'AK',    random()*(6-1)+1),
	('Vanilla Ice Cream',    'AZ',    random()*(6-1)+1),
	('Vanilla Ice Cream',    'AR',    random()*(6-1)+1),
	('Vanilla Ice Cream',    'CA',    random()*(6-1)+1),
	('Vanilla Ice Cream',    'CO',    random()*(6-1)+1),
	('Vanilla Ice Cream',    'CT',    random()*(6-1)+1),
	('Vanilla Ice Cream',    'DE',    random()*(6-1)+1),
	('Vanilla Ice Cream',    'FL',    random()*(6-1)+1),
	('Vanilla Ice Cream',    'GA',    random()*(6-1)+1),
	('Vanilla Ice Cream',    'HI',    random()*(6-1)+1),
	('Vanilla Ice Cream',    'ID',    random()*(6-1)+1),
	('Vanilla Ice Cream',    'IL',    random()*(6-1)+1),
	('Vanilla Ice Cream',    'IN',    random()*(6-1)+1),
	('Vanilla Ice Cream',    'IA',    random()*(6-1)+1),
	('Vanilla Ice Cream',    'KS',    random()*(6-1)+1),
	('Vanilla Ice Cream',    'KY',    random()*(6-1)+1),
	('Vanilla Ice Cream',    'LA',    random()*(6-1)+1),
	('Vanilla Ice Cream',    'ME',    random()*(6-1)+1),
	('Vanilla Ice Cream',    'MD',    random()*(6-1)+1),
	('Vanilla Ice Cream',    'MA',    random()*(6-1)+1),
	('Vanilla Ice Cream',    'MI',    random()*(6-1)+1),
	('Vanilla Ice Cream',    'MN',    random()*(6-1)+1),
	('Vanilla Ice Cream',    'MS',    random()*(6-1)+1),
	('Vanilla Ice Cream',    'MO',    random()*(6-1)+1),
	('Vanilla Ice Cream',    'MT',    random()*(6-1)+1),
	('Vanilla Ice Cream',    'NE',    random()*(6-1)+1),
	('Vanilla Ice Cream',    'NV',    random()*(6-1)+1),
	('Vanilla Ice Cream',    'NH',    random()*(6-1)+1),
	('Vanilla Ice Cream',    'NJ',    random()*(6-1)+1),
	('Vanilla Ice Cream',    'NM',    random()*(6-1)+1),
	('Vanilla Ice Cream',    'NY',    random()*(6-1)+1),
	('Vanilla Ice Cream',    'NC',    random()*(6-1)+1),
	('Vanilla Ice Cream',    'ND',    random()*(6-1)+1),
	('Vanilla Ice Cream',    'OH',    random()*(6-1)+1),
	('Vanilla Ice Cream',    'OK',    random()*(6-1)+1),
	('Vanilla Ice Cream',    'OR',    random()*(6-1)+1),
	('Vanilla Ice Cream',    'PA',    random()*(6-1)+1),
	('Vanilla Ice Cream',    'RI',    random()*(6-1)+1),
	('Vanilla Ice Cream',    'SC',    random()*(6-1)+1),
	('Vanilla Ice Cream',    'SD',    random()*(6-1)+1),
	('Vanilla Ice Cream',    'TN',    random()*(6-1)+1),
	('Vanilla Ice Cream',    'TX',    random()*(6-1)+1),
	('Vanilla Ice Cream',    'UT',    random()*(6-1)+1),
	('Vanilla Ice Cream',    'VT',    random()*(6-1)+1),
	('Vanilla Ice Cream',    'VA',    random()*(6-1)+1),
	('Vanilla Ice Cream',    'WA',    random()*(6-1)+1),
	('Vanilla Ice Cream',    'WV',    random()*(6-1)+1),
	('Vanilla Ice Cream',    'WI',    random()*(6-1)+1),
	('Vanilla Ice Cream',    'WY',    random()*(6-1)+1),
	('Vanilla Ice Cream',    'DC',    random()*(6-1)+1),
	('Frozen Cheese Curds',    'AL',    random()*(6-1)+1),
	('Frozen Cheese Curds',    'AK',    random()*(6-1)+1),
	('Frozen Cheese Curds',    'AZ',    random()*(6-1)+1),
	('Frozen Cheese Curds',    'AR',    random()*(6-1)+1),
	('Frozen Cheese Curds',    'CA',    random()*(6-1)+1),
	('Frozen Cheese Curds',    'CO',    random()*(6-1)+1),
	('Frozen Cheese Curds',    'CT',    random()*(6-1)+1),
	('Frozen Cheese Curds',    'DE',    random()*(6-1)+1),
	('Frozen Cheese Curds',    'FL',    random()*(6-1)+1),
	('Frozen Cheese Curds',    'GA',    random()*(6-1)+1),
	('Frozen Cheese Curds',    'HI',    random()*(6-1)+1),
	('Frozen Cheese Curds',    'ID',    random()*(6-1)+1),
	('Frozen Cheese Curds',    'IL',    random()*(6-1)+1),
	('Frozen Cheese Curds',    'IN',    random()*(6-1)+1),
	('Frozen Cheese Curds',    'IA',    random()*(6-1)+1),
	('Frozen Cheese Curds',    'KS',    random()*(6-1)+1),
	('Frozen Cheese Curds',    'KY',    random()*(6-1)+1),
	('Frozen Cheese Curds',    'LA',    random()*(6-1)+1),
	('Frozen Cheese Curds',    'ME',    random()*(6-1)+1),
	('Frozen Cheese Curds',    'MD',    random()*(6-1)+1),
	('Frozen Cheese Curds',    'MA',    random()*(6-1)+1),
	('Frozen Cheese Curds',    'MI',    random()*(6-1)+1),
	('Frozen Cheese Curds',    'MN',    random()*(6-1)+1),
	('Frozen Cheese Curds',    'MS',    random()*(6-1)+1),
	('Frozen Cheese Curds',    'MO',    random()*(6-1)+1),
	('Frozen Cheese Curds',    'MT',    random()*(6-1)+1),
	('Frozen Cheese Curds',    'NE',    random()*(6-1)+1),
	('Frozen Cheese Curds',    'NV',    random()*(6-1)+1),
	('Frozen Cheese Curds',    'NH',    random()*(6-1)+1),
	('Frozen Cheese Curds',    'NJ',    random()*(6-1)+1),
	('Frozen Cheese Curds',    'NM',    random()*(6-1)+1),
	('Frozen Cheese Curds',    'NY',    random()*(6-1)+1),
	('Frozen Cheese Curds',    'NC',    random()*(6-1)+1),
	('Frozen Cheese Curds',    'ND',    random()*(6-1)+1),
	('Frozen Cheese Curds',    'OH',    random()*(6-1)+1),
	('Frozen Cheese Curds',    'OK',    random()*(6-1)+1),
	('Frozen Cheese Curds',    'OR',    random()*(6-1)+1),
	('Frozen Cheese Curds',    'PA',    random()*(6-1)+1),
	('Frozen Cheese Curds',    'RI',    random()*(6-1)+1),
	('Frozen Cheese Curds',    'SC',    random()*(6-1)+1),
	('Frozen Cheese Curds',    'SD',    random()*(6-1)+1),
	('Frozen Cheese Curds',    'TN',    random()*(6-1)+1),
	('Frozen Cheese Curds',    'TX',    random()*(6-1)+1),
	('Frozen Cheese Curds',    'UT',    random()*(6-1)+1),
	('Frozen Cheese Curds',    'VT',    random()*(6-1)+1),
	('Frozen Cheese Curds',    'VA',    random()*(6-1)+1),
	('Frozen Cheese Curds',    'WA',    random()*(6-1)+1),
	('Frozen Cheese Curds',    'WV',    random()*(6-1)+1),
	('Frozen Cheese Curds',    'WI',    random()*(6-1)+1),
	('Frozen Cheese Curds',    'WY',    random()*(6-1)+1),
	('Frozen Cheese Curds',    'DC',    random()*(6-1)+1),
	('Frozen Dinner',    'AL',    random()*(6-1)+1),
	('Frozen Dinner',    'AK',    random()*(6-1)+1),
	('Frozen Dinner',    'AZ',    random()*(6-1)+1),
	('Frozen Dinner',    'AR',    random()*(6-1)+1),
	('Frozen Dinner',    'CA',    random()*(6-1)+1),
	('Frozen Dinner',    'CO',    random()*(6-1)+1),
	('Frozen Dinner',    'CT',    random()*(6-1)+1),
	('Frozen Dinner',    'DE',    random()*(6-1)+1),
	('Frozen Dinner',    'FL',    random()*(6-1)+1),
	('Frozen Dinner',    'GA',    random()*(6-1)+1),
	('Frozen Dinner',    'HI',    random()*(6-1)+1),
	('Frozen Dinner',    'ID',    random()*(6-1)+1),
	('Frozen Dinner',    'IL',    random()*(6-1)+1),
	('Frozen Dinner',    'IN',    random()*(6-1)+1),
	('Frozen Dinner',    'IA',    random()*(6-1)+1),
	('Frozen Dinner',    'KS',    random()*(6-1)+1),
	('Frozen Dinner',    'KY',    random()*(6-1)+1),
	('Frozen Dinner',    'LA',    random()*(6-1)+1),
	('Frozen Dinner',    'ME',    random()*(6-1)+1),
	('Frozen Dinner',    'MD',    random()*(6-1)+1),
	('Frozen Dinner',    'MA',    random()*(6-1)+1),
	('Frozen Dinner',    'MI',    random()*(6-1)+1),
	('Frozen Dinner',    'MN',    random()*(6-1)+1),
	('Frozen Dinner',    'MS',    random()*(6-1)+1),
	('Frozen Dinner',    'MO',    random()*(6-1)+1),
	('Frozen Dinner',    'MT',    random()*(6-1)+1),
	('Frozen Dinner',    'NE',    random()*(6-1)+1),
	('Frozen Dinner',    'NV',    random()*(6-1)+1),
	('Frozen Dinner',    'NH',    random()*(6-1)+1),
	('Frozen Dinner',    'NJ',    random()*(6-1)+1),
	('Frozen Dinner',    'NM',    random()*(6-1)+1),
	('Frozen Dinner',    'NY',    random()*(6-1)+1),
	('Frozen Dinner',    'NC',    random()*(6-1)+1),
	('Frozen Dinner',    'ND',    random()*(6-1)+1),
	('Frozen Dinner',    'OH',    random()*(6-1)+1),
	('Frozen Dinner',    'OK',    random()*(6-1)+1),
	('Frozen Dinner',    'OR',    random()*(6-1)+1),
	('Frozen Dinner',    'PA',    random()*(6-1)+1),
	('Frozen Dinner',    'RI',    random()*(6-1)+1),
	('Frozen Dinner',    'SC',    random()*(6-1)+1),
	('Frozen Dinner',    'SD',    random()*(6-1)+1),
	('Frozen Dinner',    'TN',    random()*(6-1)+1),
	('Frozen Dinner',    'TX',    random()*(6-1)+1),
	('Frozen Dinner',    'UT',    random()*(6-1)+1),
	('Frozen Dinner',    'VT',    random()*(6-1)+1),
	('Frozen Dinner',    'VA',    random()*(6-1)+1),
	('Frozen Dinner',    'WA',    random()*(6-1)+1),
	('Frozen Dinner',    'WV',    random()*(6-1)+1),
	('Frozen Dinner',    'WI',    random()*(6-1)+1),
	('Frozen Dinner',    'WY',    random()*(6-1)+1),
	('Frozen Dinner',    'DC',    random()*(6-1)+1),
	('Waffles',    'AL',    random()*(6-1)+1),
	('Waffles',    'AK',    random()*(6-1)+1),
	('Waffles',    'AZ',    random()*(6-1)+1),
	('Waffles',    'AR',    random()*(6-1)+1),
	('Waffles',    'CA',    random()*(6-1)+1),
	('Waffles',    'CO',    random()*(6-1)+1),
	('Waffles',    'CT',    random()*(6-1)+1),
	('Waffles',    'DE',    random()*(6-1)+1),
	('Waffles',    'FL',    random()*(6-1)+1),
	('Waffles',    'GA',    random()*(6-1)+1),
	('Waffles',    'HI',    random()*(6-1)+1),
	('Waffles',    'ID',    random()*(6-1)+1),
	('Waffles',    'IL',    random()*(6-1)+1),
	('Waffles',    'IN',    random()*(6-1)+1),
	('Waffles',    'IA',    random()*(6-1)+1),
	('Waffles',    'KS',    random()*(6-1)+1),
	('Waffles',    'KY',    random()*(6-1)+1),
	('Waffles',    'LA',    random()*(6-1)+1),
	('Waffles',    'ME',    random()*(6-1)+1),
	('Waffles',    'MD',    random()*(6-1)+1),
	('Waffles',    'MA',    random()*(6-1)+1),
	('Waffles',    'MI',    random()*(6-1)+1),
	('Waffles',    'MN',    random()*(6-1)+1),
	('Waffles',    'MS',    random()*(6-1)+1),
	('Waffles',    'MO',    random()*(6-1)+1),
	('Waffles',    'MT',    random()*(6-1)+1),
	('Waffles',    'NE',    random()*(6-1)+1),
	('Waffles',    'NV',    random()*(6-1)+1),
	('Waffles',    'NH',    random()*(6-1)+1),
	('Waffles',    'NJ',    random()*(6-1)+1),
	('Waffles',    'NM',    random()*(6-1)+1),
	('Waffles',    'NY',    random()*(6-1)+1),
	('Waffles',    'NC',    random()*(6-1)+1),
	('Waffles',    'ND',    random()*(6-1)+1),
	('Waffles',    'OH',    random()*(6-1)+1),
	('Waffles',    'OK',    random()*(6-1)+1),
	('Waffles',    'OR',    random()*(6-1)+1),
	('Waffles',    'PA',    random()*(6-1)+1),
	('Waffles',    'RI',    random()*(6-1)+1),
	('Waffles',    'SC',    random()*(6-1)+1),
	('Waffles',    'SD',    random()*(6-1)+1),
	('Waffles',    'TN',    random()*(6-1)+1),
	('Waffles',    'TX',    random()*(6-1)+1),
	('Waffles',    'UT',    random()*(6-1)+1),
	('Waffles',    'VT',    random()*(6-1)+1),
	('Waffles',    'VA',    random()*(6-1)+1),
	('Waffles',    'WA',    random()*(6-1)+1),
	('Waffles',    'WV',    random()*(6-1)+1),
	('Waffles',    'WI',    random()*(6-1)+1),
	('Waffles',    'WY',    random()*(6-1)+1),
	('Waffles',    'DC',    random()*(6-1)+1),
	('Mac and Cheese',    'AL',    random()*(6-1)+1),
	('Mac and Cheese',    'AK',    random()*(6-1)+1),
	('Mac and Cheese',    'AZ',    random()*(6-1)+1),
	('Mac and Cheese',    'AR',    random()*(6-1)+1),
	('Mac and Cheese',    'CA',    random()*(6-1)+1),
	('Mac and Cheese',    'CO',    random()*(6-1)+1),
	('Mac and Cheese',    'CT',    random()*(6-1)+1),
	('Mac and Cheese',    'DE',    random()*(6-1)+1),
	('Mac and Cheese',    'FL',    random()*(6-1)+1),
	('Mac and Cheese',    'GA',    random()*(6-1)+1),
	('Mac and Cheese',    'HI',    random()*(6-1)+1),
	('Mac and Cheese',    'ID',    random()*(6-1)+1),
	('Mac and Cheese',    'IL',    random()*(6-1)+1),
	('Mac and Cheese',    'IN',    random()*(6-1)+1),
	('Mac and Cheese',    'IA',    random()*(6-1)+1),
	('Mac and Cheese',    'KS',    random()*(6-1)+1),
	('Mac and Cheese',    'KY',    random()*(6-1)+1),
	('Mac and Cheese',    'LA',    random()*(6-1)+1),
	('Mac and Cheese',    'ME',    random()*(6-1)+1),
	('Mac and Cheese',    'MD',    random()*(6-1)+1),
	('Mac and Cheese',    'MA',    random()*(6-1)+1),
	('Mac and Cheese',    'MI',    random()*(6-1)+1),
	('Mac and Cheese',    'MN',    random()*(6-1)+1),
	('Mac and Cheese',    'MS',    random()*(6-1)+1),
	('Mac and Cheese',    'MO',    random()*(6-1)+1),
	('Mac and Cheese',    'MT',    random()*(6-1)+1),
	('Mac and Cheese',    'NE',    random()*(6-1)+1),
	('Mac and Cheese',    'NV',    random()*(6-1)+1),
	('Mac and Cheese',    'NH',    random()*(6-1)+1),
	('Mac and Cheese',    'NJ',    random()*(6-1)+1),
	('Mac and Cheese',    'NM',    random()*(6-1)+1),
	('Mac and Cheese',    'NY',    random()*(6-1)+1),
	('Mac and Cheese',    'NC',    random()*(6-1)+1),
	('Mac and Cheese',    'ND',    random()*(6-1)+1),
	('Mac and Cheese',    'OH',    random()*(6-1)+1),
	('Mac and Cheese',    'OK',    random()*(6-1)+1),
	('Mac and Cheese',    'OR',    random()*(6-1)+1),
	('Mac and Cheese',    'PA',    random()*(6-1)+1),
	('Mac and Cheese',    'RI',    random()*(6-1)+1),
	('Mac and Cheese',    'SC',    random()*(6-1)+1),
	('Mac and Cheese',    'SD',    random()*(6-1)+1),
	('Mac and Cheese',    'TN',    random()*(6-1)+1),
	('Mac and Cheese',    'TX',    random()*(6-1)+1),
	('Mac and Cheese',    'UT',    random()*(6-1)+1),
	('Mac and Cheese',    'VT',    random()*(6-1)+1),
	('Mac and Cheese',    'VA',    random()*(6-1)+1),
	('Mac and Cheese',    'WA',    random()*(6-1)+1),
	('Mac and Cheese',    'WV',    random()*(6-1)+1),
	('Mac and Cheese',    'WI',    random()*(6-1)+1),
	('Mac and Cheese',    'WY',    random()*(6-1)+1),
	('Mac and Cheese',    'DC',    random()*(6-1)+1),
	('Bagel',    'AL',    random()*(6-1)+1),
	('Bagel',    'AK',    random()*(6-1)+1),
	('Bagel',    'AZ',    random()*(6-1)+1),
	('Bagel',    'AR',    random()*(6-1)+1),
	('Bagel',    'CA',    random()*(6-1)+1),
	('Bagel',    'CO',    random()*(6-1)+1),
	('Bagel',    'CT',    random()*(6-1)+1),
	('Bagel',    'DE',    random()*(6-1)+1),
	('Bagel',    'FL',    random()*(6-1)+1),
	('Bagel',    'GA',    random()*(6-1)+1),
	('Bagel',    'HI',    random()*(6-1)+1),
	('Bagel',    'ID',    random()*(6-1)+1),
	('Bagel',    'IL',    random()*(6-1)+1),
	('Bagel',    'IN',    random()*(6-1)+1),
	('Bagel',    'IA',    random()*(6-1)+1),
	('Bagel',    'KS',    random()*(6-1)+1),
	('Bagel',    'KY',    random()*(6-1)+1),
	('Bagel',    'LA',    random()*(6-1)+1),
	('Bagel',    'ME',    random()*(6-1)+1),
	('Bagel',    'MD',    random()*(6-1)+1),
	('Bagel',    'MA',    random()*(6-1)+1),
	('Bagel',    'MI',    random()*(6-1)+1),
	('Bagel',    'MN',    random()*(6-1)+1),
	('Bagel',    'MS',    random()*(6-1)+1),
	('Bagel',    'MO',    random()*(6-1)+1),
	('Bagel',    'MT',    random()*(6-1)+1),
	('Bagel',    'NE',    random()*(6-1)+1),
	('Bagel',    'NV',    random()*(6-1)+1),
	('Bagel',    'NH',    random()*(6-1)+1),
	('Bagel',    'NJ',    random()*(6-1)+1),
	('Bagel',    'NM',    random()*(6-1)+1),
	('Bagel',    'NY',    random()*(6-1)+1),
	('Bagel',    'NC',    random()*(6-1)+1),
	('Bagel',    'ND',    random()*(6-1)+1),
	('Bagel',    'OH',    random()*(6-1)+1),
	('Bagel',    'OK',    random()*(6-1)+1),
	('Bagel',    'OR',    random()*(6-1)+1),
	('Bagel',    'PA',    random()*(6-1)+1),
	('Bagel',    'RI',    random()*(6-1)+1),
	('Bagel',    'SC',    random()*(6-1)+1),
	('Bagel',    'SD',    random()*(6-1)+1),
	('Bagel',    'TN',    random()*(6-1)+1),
	('Bagel',    'TX',    random()*(6-1)+1),
	('Bagel',    'UT',    random()*(6-1)+1),
	('Bagel',    'VT',    random()*(6-1)+1),
	('Bagel',    'VA',    random()*(6-1)+1),
	('Bagel',    'WA',    random()*(6-1)+1),
	('Bagel',    'WV',    random()*(6-1)+1),
	('Bagel',    'WI',    random()*(6-1)+1),
	('Bagel',    'WY',    random()*(6-1)+1),
	('Bagel',    'DC',    random()*(6-1)+1),
	('Muffin',    'AL',    random()*(6-1)+1),
	('Muffin',    'AK',    random()*(6-1)+1),
	('Muffin',    'AZ',    random()*(6-1)+1),
	('Muffin',    'AR',    random()*(6-1)+1),
	('Muffin',    'CA',    random()*(6-1)+1),
	('Muffin',    'CO',    random()*(6-1)+1),
	('Muffin',    'CT',    random()*(6-1)+1),
	('Muffin',    'DE',    random()*(6-1)+1),
	('Muffin',    'FL',    random()*(6-1)+1),
	('Muffin',    'GA',    random()*(6-1)+1),
	('Muffin',    'HI',    random()*(6-1)+1),
	('Muffin',    'ID',    random()*(6-1)+1),
	('Muffin',    'IL',    random()*(6-1)+1),
	('Muffin',    'IN',    random()*(6-1)+1),
	('Muffin',    'IA',    random()*(6-1)+1),
	('Muffin',    'KS',    random()*(6-1)+1),
	('Muffin',    'KY',    random()*(6-1)+1),
	('Muffin',    'LA',    random()*(6-1)+1),
	('Muffin',    'ME',    random()*(6-1)+1),
	('Muffin',    'MD',    random()*(6-1)+1),
	('Muffin',    'MA',    random()*(6-1)+1),
	('Muffin',    'MI',    random()*(6-1)+1),
	('Muffin',    'MN',    random()*(6-1)+1),
	('Muffin',    'MS',    random()*(6-1)+1),
	('Muffin',    'MO',    random()*(6-1)+1),
	('Muffin',    'MT',    random()*(6-1)+1),
	('Muffin',    'NE',    random()*(6-1)+1),
	('Muffin',    'NV',    random()*(6-1)+1),
	('Muffin',    'NH',    random()*(6-1)+1),
	('Muffin',    'NJ',    random()*(6-1)+1),
	('Muffin',    'NM',    random()*(6-1)+1),
	('Muffin',    'NY',    random()*(6-1)+1),
	('Muffin',    'NC',    random()*(6-1)+1),
	('Muffin',    'ND',    random()*(6-1)+1),
	('Muffin',    'OH',    random()*(6-1)+1),
	('Muffin',    'OK',    random()*(6-1)+1),
	('Muffin',    'OR',    random()*(6-1)+1),
	('Muffin',    'PA',    random()*(6-1)+1),
	('Muffin',    'RI',    random()*(6-1)+1),
	('Muffin',    'SC',    random()*(6-1)+1),
	('Muffin',    'SD',    random()*(6-1)+1),
	('Muffin',    'TN',    random()*(6-1)+1),
	('Muffin',    'TX',    random()*(6-1)+1),
	('Muffin',    'UT',    random()*(6-1)+1),
	('Muffin',    'VT',    random()*(6-1)+1),
	('Muffin',    'VA',    random()*(6-1)+1),
	('Muffin',    'WA',    random()*(6-1)+1),
	('Muffin',    'WV',    random()*(6-1)+1),
	('Muffin',    'WI',    random()*(6-1)+1),
	('Muffin',    'WY',    random()*(6-1)+1),
	('Muffin',    'DC',    random()*(6-1)+1),
	('Croissant',    'AL',    random()*(6-1)+1),
	('Croissant',    'AK',    random()*(6-1)+1),
	('Croissant',    'AZ',    random()*(6-1)+1),
	('Croissant',    'AR',    random()*(6-1)+1),
	('Croissant',    'CA',    random()*(6-1)+1),
	('Croissant',    'CO',    random()*(6-1)+1),
	('Croissant',    'CT',    random()*(6-1)+1),
	('Croissant',    'DE',    random()*(6-1)+1),
	('Croissant',    'FL',    random()*(6-1)+1),
	('Croissant',    'GA',    random()*(6-1)+1),
	('Croissant',    'HI',    random()*(6-1)+1),
	('Croissant',    'ID',    random()*(6-1)+1),
	('Croissant',    'IL',    random()*(6-1)+1),
	('Croissant',    'IN',    random()*(6-1)+1),
	('Croissant',    'IA',    random()*(6-1)+1),
	('Croissant',    'KS',    random()*(6-1)+1),
	('Croissant',    'KY',    random()*(6-1)+1),
	('Croissant',    'LA',    random()*(6-1)+1),
	('Croissant',    'ME',    random()*(6-1)+1),
	('Croissant',    'MD',    random()*(6-1)+1),
	('Croissant',    'MA',    random()*(6-1)+1),
	('Croissant',    'MI',    random()*(6-1)+1),
	('Croissant',    'MN',    random()*(6-1)+1),
	('Croissant',    'MS',    random()*(6-1)+1),
	('Croissant',    'MO',    random()*(6-1)+1),
	('Croissant',    'MT',    random()*(6-1)+1),
	('Croissant',    'NE',    random()*(6-1)+1),
	('Croissant',    'NV',    random()*(6-1)+1),
	('Croissant',    'NH',    random()*(6-1)+1),
	('Croissant',    'NJ',    random()*(6-1)+1),
	('Croissant',    'NM',    random()*(6-1)+1),
	('Croissant',    'NY',    random()*(6-1)+1),
	('Croissant',    'NC',    random()*(6-1)+1),
	('Croissant',    'ND',    random()*(6-1)+1),
	('Croissant',    'OH',    random()*(6-1)+1),
	('Croissant',    'OK',    random()*(6-1)+1),
	('Croissant',    'OR',    random()*(6-1)+1),
	('Croissant',    'PA',    random()*(6-1)+1),
	('Croissant',    'RI',    random()*(6-1)+1),
	('Croissant',    'SC',    random()*(6-1)+1),
	('Croissant',    'SD',    random()*(6-1)+1),
	('Croissant',    'TN',    random()*(6-1)+1),
	('Croissant',    'TX',    random()*(6-1)+1),
	('Croissant',    'UT',    random()*(6-1)+1),
	('Croissant',    'VT',    random()*(6-1)+1),
	('Croissant',    'VA',    random()*(6-1)+1),
	('Croissant',    'WA',    random()*(6-1)+1),
	('Croissant',    'WV',    random()*(6-1)+1),
	('Croissant',    'WI',    random()*(6-1)+1),
	('Croissant',    'WY',    random()*(6-1)+1),
	('Croissant',    'DC',    random()*(6-1)+1),
	('Bread Loaf',    'AL',    random()*(6-1)+1),
	('Bread Loaf',    'AK',    random()*(6-1)+1),
	('Bread Loaf',    'AZ',    random()*(6-1)+1),
	('Bread Loaf',    'AR',    random()*(6-1)+1),
	('Bread Loaf',    'CA',    random()*(6-1)+1),
	('Bread Loaf',    'CO',    random()*(6-1)+1),
	('Bread Loaf',    'CT',    random()*(6-1)+1),
	('Bread Loaf',    'DE',    random()*(6-1)+1),
	('Bread Loaf',    'FL',    random()*(6-1)+1),
	('Bread Loaf',    'GA',    random()*(6-1)+1),
	('Bread Loaf',    'HI',    random()*(6-1)+1),
	('Bread Loaf',    'ID',    random()*(6-1)+1),
	('Bread Loaf',    'IL',    random()*(6-1)+1),
	('Bread Loaf',    'IN',    random()*(6-1)+1),
	('Bread Loaf',    'IA',    random()*(6-1)+1),
	('Bread Loaf',    'KS',    random()*(6-1)+1),
	('Bread Loaf',    'KY',    random()*(6-1)+1),
	('Bread Loaf',    'LA',    random()*(6-1)+1),
	('Bread Loaf',    'ME',    random()*(6-1)+1),
	('Bread Loaf',    'MD',    random()*(6-1)+1),
	('Bread Loaf',    'MA',    random()*(6-1)+1),
	('Bread Loaf',    'MI',    random()*(6-1)+1),
	('Bread Loaf',    'MN',    random()*(6-1)+1),
	('Bread Loaf',    'MS',    random()*(6-1)+1),
	('Bread Loaf',    'MO',    random()*(6-1)+1),
	('Bread Loaf',    'MT',    random()*(6-1)+1),
	('Bread Loaf',    'NE',    random()*(6-1)+1),
	('Bread Loaf',    'NV',    random()*(6-1)+1),
	('Bread Loaf',    'NH',    random()*(6-1)+1),
	('Bread Loaf',    'NJ',    random()*(6-1)+1),
	('Bread Loaf',    'NM',    random()*(6-1)+1),
	('Bread Loaf',    'NY',    random()*(6-1)+1),
	('Bread Loaf',    'NC',    random()*(6-1)+1),
	('Bread Loaf',    'ND',    random()*(6-1)+1),
	('Bread Loaf',    'OH',    random()*(6-1)+1),
	('Bread Loaf',    'OK',    random()*(6-1)+1),
	('Bread Loaf',    'OR',    random()*(6-1)+1),
	('Bread Loaf',    'PA',    random()*(6-1)+1),
	('Bread Loaf',    'RI',    random()*(6-1)+1),
	('Bread Loaf',    'SC',    random()*(6-1)+1),
	('Bread Loaf',    'SD',    random()*(6-1)+1),
	('Bread Loaf',    'TN',    random()*(6-1)+1),
	('Bread Loaf',    'TX',    random()*(6-1)+1),
	('Bread Loaf',    'UT',    random()*(6-1)+1),
	('Bread Loaf',    'VT',    random()*(6-1)+1),
	('Bread Loaf',    'VA',    random()*(6-1)+1),
	('Bread Loaf',    'WA',    random()*(6-1)+1),
	('Bread Loaf',    'WV',    random()*(6-1)+1),
	('Bread Loaf',    'WI',    random()*(6-1)+1),
	('Bread Loaf',    'WY',    random()*(6-1)+1),
	('Bread Loaf',    'DC',    random()*(6-1)+1),
	('Chocolate Chip Cookies',    'AL',    random()*(6-1)+1),
	('Chocolate Chip Cookies',    'AK',    random()*(6-1)+1),
	('Chocolate Chip Cookies',    'AZ',    random()*(6-1)+1),
	('Chocolate Chip Cookies',    'AR',    random()*(6-1)+1),
	('Chocolate Chip Cookies',    'CA',    random()*(6-1)+1),
	('Chocolate Chip Cookies',    'CO',    random()*(6-1)+1),
	('Chocolate Chip Cookies',    'CT',    random()*(6-1)+1),
	('Chocolate Chip Cookies',    'DE',    random()*(6-1)+1),
	('Chocolate Chip Cookies',    'FL',    random()*(6-1)+1),
	('Chocolate Chip Cookies',    'GA',    random()*(6-1)+1),
	('Chocolate Chip Cookies',    'HI',    random()*(6-1)+1),
	('Chocolate Chip Cookies',    'ID',    random()*(6-1)+1),
	('Chocolate Chip Cookies',    'IL',    random()*(6-1)+1),
	('Chocolate Chip Cookies',    'IN',    random()*(6-1)+1),
	('Chocolate Chip Cookies',    'IA',    random()*(6-1)+1),
	('Chocolate Chip Cookies',    'KS',    random()*(6-1)+1),
	('Chocolate Chip Cookies',    'KY',    random()*(6-1)+1),
	('Chocolate Chip Cookies',    'LA',    random()*(6-1)+1),
	('Chocolate Chip Cookies',    'ME',    random()*(6-1)+1),
	('Chocolate Chip Cookies',    'MD',    random()*(6-1)+1),
	('Chocolate Chip Cookies',    'MA',    random()*(6-1)+1),
	('Chocolate Chip Cookies',    'MI',    random()*(6-1)+1),
	('Chocolate Chip Cookies',    'MN',    random()*(6-1)+1),
	('Chocolate Chip Cookies',    'MS',    random()*(6-1)+1),
	('Chocolate Chip Cookies',    'MO',    random()*(6-1)+1),
	('Chocolate Chip Cookies',    'MT',    random()*(6-1)+1),
	('Chocolate Chip Cookies',    'NE',    random()*(6-1)+1),
	('Chocolate Chip Cookies',    'NV',    random()*(6-1)+1),
	('Chocolate Chip Cookies',    'NH',    random()*(6-1)+1),
	('Chocolate Chip Cookies',    'NJ',    random()*(6-1)+1),
	('Chocolate Chip Cookies',    'NM',    random()*(6-1)+1),
	('Chocolate Chip Cookies',    'NY',    random()*(6-1)+1),
	('Chocolate Chip Cookies',    'NC',    random()*(6-1)+1),
	('Chocolate Chip Cookies',    'ND',    random()*(6-1)+1),
	('Chocolate Chip Cookies',    'OH',    random()*(6-1)+1),
	('Chocolate Chip Cookies',    'OK',    random()*(6-1)+1),
	('Chocolate Chip Cookies',    'OR',    random()*(6-1)+1),
	('Chocolate Chip Cookies',    'PA',    random()*(6-1)+1),
	('Chocolate Chip Cookies',    'RI',    random()*(6-1)+1),
	('Chocolate Chip Cookies',    'SC',    random()*(6-1)+1),
	('Chocolate Chip Cookies',    'SD',    random()*(6-1)+1),
	('Chocolate Chip Cookies',    'TN',    random()*(6-1)+1),
	('Chocolate Chip Cookies',    'TX',    random()*(6-1)+1),
	('Chocolate Chip Cookies',    'UT',    random()*(6-1)+1),
	('Chocolate Chip Cookies',    'VT',    random()*(6-1)+1),
	('Chocolate Chip Cookies',    'VA',    random()*(6-1)+1),
	('Chocolate Chip Cookies',    'WA',    random()*(6-1)+1),
	('Chocolate Chip Cookies',    'WV',    random()*(6-1)+1),
	('Chocolate Chip Cookies',    'WI',    random()*(6-1)+1),
	('Chocolate Chip Cookies',    'WY',    random()*(6-1)+1),
	('Chocolate Chip Cookies',    'DC',    random()*(6-1)+1),
	('Cake',    'AL',    random()*(6-1)+1),
	('Cake',    'AK',    random()*(6-1)+1),
	('Cake',    'AZ',    random()*(6-1)+1),
	('Cake',    'AR',    random()*(6-1)+1),
	('Cake',    'CA',    random()*(6-1)+1),
	('Cake',    'CO',    random()*(6-1)+1),
	('Cake',    'CT',    random()*(6-1)+1),
	('Cake',    'DE',    random()*(6-1)+1),
	('Cake',    'FL',    random()*(6-1)+1),
	('Cake',    'GA',    random()*(6-1)+1),
	('Cake',    'HI',    random()*(6-1)+1),
	('Cake',    'ID',    random()*(6-1)+1),
	('Cake',    'IL',    random()*(6-1)+1),
	('Cake',    'IN',    random()*(6-1)+1),
	('Cake',    'IA',    random()*(6-1)+1),
	('Cake',    'KS',    random()*(6-1)+1),
	('Cake',    'KY',    random()*(6-1)+1),
	('Cake',    'LA',    random()*(6-1)+1),
	('Cake',    'ME',    random()*(6-1)+1),
	('Cake',    'MD',    random()*(6-1)+1),
	('Cake',    'MA',    random()*(6-1)+1),
	('Cake',    'MI',    random()*(6-1)+1),
	('Cake',    'MN',    random()*(6-1)+1),
	('Cake',    'MS',    random()*(6-1)+1),
	('Cake',    'MO',    random()*(6-1)+1),
	('Cake',    'MT',    random()*(6-1)+1),
	('Cake',    'NE',    random()*(6-1)+1),
	('Cake',    'NV',    random()*(6-1)+1),
	('Cake',    'NH',    random()*(6-1)+1),
	('Cake',    'NJ',    random()*(6-1)+1),
	('Cake',    'NM',    random()*(6-1)+1),
	('Cake',    'NY',    random()*(6-1)+1),
	('Cake',    'NC',    random()*(6-1)+1),
	('Cake',    'ND',    random()*(6-1)+1),
	('Cake',    'OH',    random()*(6-1)+1),
	('Cake',    'OK',    random()*(6-1)+1),
	('Cake',    'OR',    random()*(6-1)+1),
	('Cake',    'PA',    random()*(6-1)+1),
	('Cake',    'RI',    random()*(6-1)+1),
	('Cake',    'SC',    random()*(6-1)+1),
	('Cake',    'SD',    random()*(6-1)+1),
	('Cake',    'TN',    random()*(6-1)+1),
	('Cake',    'TX',    random()*(6-1)+1),
	('Cake',    'UT',    random()*(6-1)+1),
	('Cake',    'VT',    random()*(6-1)+1),
	('Cake',    'VA',    random()*(6-1)+1),
	('Cake',    'WA',    random()*(6-1)+1),
	('Cake',    'WV',    random()*(6-1)+1),
	('Cake',    'WI',    random()*(6-1)+1),
	('Cake',    'WY',    random()*(6-1)+1),
	('Cake',    'DC',    random()*(6-1)+1),
	('Cheese Curds',    'AL',    random()*(6-1)+1),
	('Cheese Curds',    'AK',    random()*(6-1)+1),
	('Cheese Curds',    'AZ',    random()*(6-1)+1),
	('Cheese Curds',    'AR',    random()*(6-1)+1),
	('Cheese Curds',    'CA',    random()*(6-1)+1),
	('Cheese Curds',    'CO',    random()*(6-1)+1),
	('Cheese Curds',    'CT',    random()*(6-1)+1),
	('Cheese Curds',    'DE',    random()*(6-1)+1),
	('Cheese Curds',    'FL',    random()*(6-1)+1),
	('Cheese Curds',    'GA',    random()*(6-1)+1),
	('Cheese Curds',    'HI',    random()*(6-1)+1),
	('Cheese Curds',    'ID',    random()*(6-1)+1),
	('Cheese Curds',    'IL',    random()*(6-1)+1),
	('Cheese Curds',    'IN',    random()*(6-1)+1),
	('Cheese Curds',    'IA',    random()*(6-1)+1),
	('Cheese Curds',    'KS',    random()*(6-1)+1),
	('Cheese Curds',    'KY',    random()*(6-1)+1),
	('Cheese Curds',    'LA',    random()*(6-1)+1),
	('Cheese Curds',    'ME',    random()*(6-1)+1),
	('Cheese Curds',    'MD',    random()*(6-1)+1),
	('Cheese Curds',    'MA',    random()*(6-1)+1),
	('Cheese Curds',    'MI',    random()*(6-1)+1),
	('Cheese Curds',    'MN',    random()*(6-1)+1),
	('Cheese Curds',    'MS',    random()*(6-1)+1),
	('Cheese Curds',    'MO',    random()*(6-1)+1),
	('Cheese Curds',    'MT',    random()*(6-1)+1),
	('Cheese Curds',    'NE',    random()*(6-1)+1),
	('Cheese Curds',    'NV',    random()*(6-1)+1),
	('Cheese Curds',    'NH',    random()*(6-1)+1),
	('Cheese Curds',    'NJ',    random()*(6-1)+1),
	('Cheese Curds',    'NM',    random()*(6-1)+1),
	('Cheese Curds',    'NY',    random()*(6-1)+1),
	('Cheese Curds',    'NC',    random()*(6-1)+1),
	('Cheese Curds',    'ND',    random()*(6-1)+1),
	('Cheese Curds',    'OH',    random()*(6-1)+1),
	('Cheese Curds',    'OK',    random()*(6-1)+1),
	('Cheese Curds',    'OR',    random()*(6-1)+1),
	('Cheese Curds',    'PA',    random()*(6-1)+1),
	('Cheese Curds',    'RI',    random()*(6-1)+1),
	('Cheese Curds',    'SC',    random()*(6-1)+1),
	('Cheese Curds',    'SD',    random()*(6-1)+1),
	('Cheese Curds',    'TN',    random()*(6-1)+1),
	('Cheese Curds',    'TX',    random()*(6-1)+1),
	('Cheese Curds',    'UT',    random()*(6-1)+1),
	('Cheese Curds',    'VT',    random()*(6-1)+1),
	('Cheese Curds',    'VA',    random()*(6-1)+1),
	('Cheese Curds',    'WA',    random()*(6-1)+1),
	('Cheese Curds',    'WV',    random()*(6-1)+1),
	('Cheese Curds',    'WI',    random()*(6-1)+1),
	('Cheese Curds',    'WY',    random()*(6-1)+1),
	('Cheese Curds',    'DC',    random()*(6-1)+1),
	('Potato Chips',    'AL',    random()*(6-1)+1),
	('Potato Chips',    'AK',    random()*(6-1)+1),
	('Potato Chips',    'AZ',    random()*(6-1)+1),
	('Potato Chips',    'AR',    random()*(6-1)+1),
	('Potato Chips',    'CA',    random()*(6-1)+1),
	('Potato Chips',    'CO',    random()*(6-1)+1),
	('Potato Chips',    'CT',    random()*(6-1)+1),
	('Potato Chips',    'DE',    random()*(6-1)+1),
	('Potato Chips',    'FL',    random()*(6-1)+1),
	('Potato Chips',    'GA',    random()*(6-1)+1),
	('Potato Chips',    'HI',    random()*(6-1)+1),
	('Potato Chips',    'ID',    random()*(6-1)+1),
	('Potato Chips',    'IL',    random()*(6-1)+1),
	('Potato Chips',    'IN',    random()*(6-1)+1),
	('Potato Chips',    'IA',    random()*(6-1)+1),
	('Potato Chips',    'KS',    random()*(6-1)+1),
	('Potato Chips',    'KY',    random()*(6-1)+1),
	('Potato Chips',    'LA',    random()*(6-1)+1),
	('Potato Chips',    'ME',    random()*(6-1)+1),
	('Potato Chips',    'MD',    random()*(6-1)+1),
	('Potato Chips',    'MA',    random()*(6-1)+1),
	('Potato Chips',    'MI',    random()*(6-1)+1),
	('Potato Chips',    'MN',    random()*(6-1)+1),
	('Potato Chips',    'MS',    random()*(6-1)+1),
	('Potato Chips',    'MO',    random()*(6-1)+1),
	('Potato Chips',    'MT',    random()*(6-1)+1),
	('Potato Chips',    'NE',    random()*(6-1)+1),
	('Potato Chips',    'NV',    random()*(6-1)+1),
	('Potato Chips',    'NH',    random()*(6-1)+1),
	('Potato Chips',    'NJ',    random()*(6-1)+1),
	('Potato Chips',    'NM',    random()*(6-1)+1),
	('Potato Chips',    'NY',    random()*(6-1)+1),
	('Potato Chips',    'NC',    random()*(6-1)+1),
	('Potato Chips',    'ND',    random()*(6-1)+1),
	('Potato Chips',    'OH',    random()*(6-1)+1),
	('Potato Chips',    'OK',    random()*(6-1)+1),
	('Potato Chips',    'OR',    random()*(6-1)+1),
	('Potato Chips',    'PA',    random()*(6-1)+1),
	('Potato Chips',    'RI',    random()*(6-1)+1),
	('Potato Chips',    'SC',    random()*(6-1)+1),
	('Potato Chips',    'SD',    random()*(6-1)+1),
	('Potato Chips',    'TN',    random()*(6-1)+1),
	('Potato Chips',    'TX',    random()*(6-1)+1),
	('Potato Chips',    'UT',    random()*(6-1)+1),
	('Potato Chips',    'VT',    random()*(6-1)+1),
	('Potato Chips',    'VA',    random()*(6-1)+1),
	('Potato Chips',    'WA',    random()*(6-1)+1),
	('Potato Chips',    'WV',    random()*(6-1)+1),
	('Potato Chips',    'WI',    random()*(6-1)+1),
	('Potato Chips',    'WY',    random()*(6-1)+1),
	('Potato Chips',    'DC',    random()*(6-1)+1),
	('Popcorn',    'AL',    random()*(6-1)+1),
	('Popcorn',    'AK',    random()*(6-1)+1),
	('Popcorn',    'AZ',    random()*(6-1)+1),
	('Popcorn',    'AR',    random()*(6-1)+1),
	('Popcorn',    'CA',    random()*(6-1)+1),
	('Popcorn',    'CO',    random()*(6-1)+1),
	('Popcorn',    'CT',    random()*(6-1)+1),
	('Popcorn',    'DE',    random()*(6-1)+1),
	('Popcorn',    'FL',    random()*(6-1)+1),
	('Popcorn',    'GA',    random()*(6-1)+1),
	('Popcorn',    'HI',    random()*(6-1)+1),
	('Popcorn',    'ID',    random()*(6-1)+1),
	('Popcorn',    'IL',    random()*(6-1)+1),
	('Popcorn',    'IN',    random()*(6-1)+1),
	('Popcorn',    'IA',    random()*(6-1)+1),
	('Popcorn',    'KS',    random()*(6-1)+1),
	('Popcorn',    'KY',    random()*(6-1)+1),
	('Popcorn',    'LA',    random()*(6-1)+1),
	('Popcorn',    'ME',    random()*(6-1)+1),
	('Popcorn',    'MD',    random()*(6-1)+1),
	('Popcorn',    'MA',    random()*(6-1)+1),
	('Popcorn',    'MI',    random()*(6-1)+1),
	('Popcorn',    'MN',    random()*(6-1)+1),
	('Popcorn',    'MS',    random()*(6-1)+1),
	('Popcorn',    'MO',    random()*(6-1)+1),
	('Popcorn',    'MT',    random()*(6-1)+1),
	('Popcorn',    'NE',    random()*(6-1)+1),
	('Popcorn',    'NV',    random()*(6-1)+1),
	('Popcorn',    'NH',    random()*(6-1)+1),
	('Popcorn',    'NJ',    random()*(6-1)+1),
	('Popcorn',    'NM',    random()*(6-1)+1),
	('Popcorn',    'NY',    random()*(6-1)+1),
	('Popcorn',    'NC',    random()*(6-1)+1),
	('Popcorn',    'ND',    random()*(6-1)+1),
	('Popcorn',    'OH',    random()*(6-1)+1),
	('Popcorn',    'OK',    random()*(6-1)+1),
	('Popcorn',    'OR',    random()*(6-1)+1),
	('Popcorn',    'PA',    random()*(6-1)+1),
	('Popcorn',    'RI',    random()*(6-1)+1),
	('Popcorn',    'SC',    random()*(6-1)+1),
	('Popcorn',    'SD',    random()*(6-1)+1),
	('Popcorn',    'TN',    random()*(6-1)+1),
	('Popcorn',    'TX',    random()*(6-1)+1),
	('Popcorn',    'UT',    random()*(6-1)+1),
	('Popcorn',    'VT',    random()*(6-1)+1),
	('Popcorn',    'VA',    random()*(6-1)+1),
	('Popcorn',    'WA',    random()*(6-1)+1),
	('Popcorn',    'WV',    random()*(6-1)+1),
	('Popcorn',    'WI',    random()*(6-1)+1),
	('Popcorn',    'WY',    random()*(6-1)+1),
	('Popcorn',    'DC',    random()*(6-1)+1),
	('Pretzels',    'AL',    random()*(6-1)+1),
	('Pretzels',    'AK',    random()*(6-1)+1),
	('Pretzels',    'AZ',    random()*(6-1)+1),
	('Pretzels',    'AR',    random()*(6-1)+1),
	('Pretzels',    'CA',    random()*(6-1)+1),
	('Pretzels',    'CO',    random()*(6-1)+1),
	('Pretzels',    'CT',    random()*(6-1)+1),
	('Pretzels',    'DE',    random()*(6-1)+1),
	('Pretzels',    'FL',    random()*(6-1)+1),
	('Pretzels',    'GA',    random()*(6-1)+1),
	('Pretzels',    'HI',    random()*(6-1)+1),
	('Pretzels',    'ID',    random()*(6-1)+1),
	('Pretzels',    'IL',    random()*(6-1)+1),
	('Pretzels',    'IN',    random()*(6-1)+1),
	('Pretzels',    'IA',    random()*(6-1)+1),
	('Pretzels',    'KS',    random()*(6-1)+1),
	('Pretzels',    'KY',    random()*(6-1)+1),
	('Pretzels',    'LA',    random()*(6-1)+1),
	('Pretzels',    'ME',    random()*(6-1)+1),
	('Pretzels',    'MD',    random()*(6-1)+1),
	('Pretzels',    'MA',    random()*(6-1)+1),
	('Pretzels',    'MI',    random()*(6-1)+1),
	('Pretzels',    'MN',    random()*(6-1)+1),
	('Pretzels',    'MS',    random()*(6-1)+1),
	('Pretzels',    'MO',    random()*(6-1)+1),
	('Pretzels',    'MT',    random()*(6-1)+1),
	('Pretzels',    'NE',    random()*(6-1)+1),
	('Pretzels',    'NV',    random()*(6-1)+1),
	('Pretzels',    'NH',    random()*(6-1)+1),
	('Pretzels',    'NJ',    random()*(6-1)+1),
	('Pretzels',    'NM',    random()*(6-1)+1),
	('Pretzels',    'NY',    random()*(6-1)+1),
	('Pretzels',    'NC',    random()*(6-1)+1),
	('Pretzels',    'ND',    random()*(6-1)+1),
	('Pretzels',    'OH',    random()*(6-1)+1),
	('Pretzels',    'OK',    random()*(6-1)+1),
	('Pretzels',    'OR',    random()*(6-1)+1),
	('Pretzels',    'PA',    random()*(6-1)+1),
	('Pretzels',    'RI',    random()*(6-1)+1),
	('Pretzels',    'SC',    random()*(6-1)+1),
	('Pretzels',    'SD',    random()*(6-1)+1),
	('Pretzels',    'TN',    random()*(6-1)+1),
	('Pretzels',    'TX',    random()*(6-1)+1),
	('Pretzels',    'UT',    random()*(6-1)+1),
	('Pretzels',    'VT',    random()*(6-1)+1),
	('Pretzels',    'VA',    random()*(6-1)+1),
	('Pretzels',    'WA',    random()*(6-1)+1),
	('Pretzels',    'WV',    random()*(6-1)+1),
	('Pretzels',    'WI',    random()*(6-1)+1),
	('Pretzels',    'WY',    random()*(6-1)+1),
	('Pretzels',    'DC',    random()*(6-1)+1),
	('Mixed Nuts',    'AL',    random()*(6-1)+1),
	('Mixed Nuts',    'AK',    random()*(6-1)+1),
	('Mixed Nuts',    'AZ',    random()*(6-1)+1),
	('Mixed Nuts',    'AR',    random()*(6-1)+1),
	('Mixed Nuts',    'CA',    random()*(6-1)+1),
	('Mixed Nuts',    'CO',    random()*(6-1)+1),
	('Mixed Nuts',    'CT',    random()*(6-1)+1),
	('Mixed Nuts',    'DE',    random()*(6-1)+1),
	('Mixed Nuts',    'FL',    random()*(6-1)+1),
	('Mixed Nuts',    'GA',    random()*(6-1)+1),
	('Mixed Nuts',    'HI',    random()*(6-1)+1),
	('Mixed Nuts',    'ID',    random()*(6-1)+1),
	('Mixed Nuts',    'IL',    random()*(6-1)+1),
	('Mixed Nuts',    'IN',    random()*(6-1)+1),
	('Mixed Nuts',    'IA',    random()*(6-1)+1),
	('Mixed Nuts',    'KS',    random()*(6-1)+1),
	('Mixed Nuts',    'KY',    random()*(6-1)+1),
	('Mixed Nuts',    'LA',    random()*(6-1)+1),
	('Mixed Nuts',    'ME',    random()*(6-1)+1),
	('Mixed Nuts',    'MD',    random()*(6-1)+1),
	('Mixed Nuts',    'MA',    random()*(6-1)+1),
	('Mixed Nuts',    'MI',    random()*(6-1)+1),
	('Mixed Nuts',    'MN',    random()*(6-1)+1),
	('Mixed Nuts',    'MS',    random()*(6-1)+1),
	('Mixed Nuts',    'MO',    random()*(6-1)+1),
	('Mixed Nuts',    'MT',    random()*(6-1)+1),
	('Mixed Nuts',    'NE',    random()*(6-1)+1),
	('Mixed Nuts',    'NV',    random()*(6-1)+1),
	('Mixed Nuts',    'NH',    random()*(6-1)+1),
	('Mixed Nuts',    'NJ',    random()*(6-1)+1),
	('Mixed Nuts',    'NM',    random()*(6-1)+1),
	('Mixed Nuts',    'NY',    random()*(6-1)+1),
	('Mixed Nuts',    'NC',    random()*(6-1)+1),
	('Mixed Nuts',    'ND',    random()*(6-1)+1),
	('Mixed Nuts',    'OH',    random()*(6-1)+1),
	('Mixed Nuts',    'OK',    random()*(6-1)+1),
	('Mixed Nuts',    'OR',    random()*(6-1)+1),
	('Mixed Nuts',    'PA',    random()*(6-1)+1),
	('Mixed Nuts',    'RI',    random()*(6-1)+1),
	('Mixed Nuts',    'SC',    random()*(6-1)+1),
	('Mixed Nuts',    'SD',    random()*(6-1)+1),
	('Mixed Nuts',    'TN',    random()*(6-1)+1),
	('Mixed Nuts',    'TX',    random()*(6-1)+1),
	('Mixed Nuts',    'UT',    random()*(6-1)+1),
	('Mixed Nuts',    'VT',    random()*(6-1)+1),
	('Mixed Nuts',    'VA',    random()*(6-1)+1),
	('Mixed Nuts',    'WA',    random()*(6-1)+1),
	('Mixed Nuts',    'WV',    random()*(6-1)+1),
	('Mixed Nuts',    'WI',    random()*(6-1)+1),
	('Mixed Nuts',    'WY',    random()*(6-1)+1),
	('Mixed Nuts',    'DC',    random()*(6-1)+1),
	('Oreos',    'AL',    random()*(6-1)+1),
	('Oreos',    'AK',    random()*(6-1)+1),
	('Oreos',    'AZ',    random()*(6-1)+1),
	('Oreos',    'AR',    random()*(6-1)+1),
	('Oreos',    'CA',    random()*(6-1)+1),
	('Oreos',    'CO',    random()*(6-1)+1),
	('Oreos',    'CT',    random()*(6-1)+1),
	('Oreos',    'DE',    random()*(6-1)+1),
	('Oreos',    'FL',    random()*(6-1)+1),
	('Oreos',    'GA',    random()*(6-1)+1),
	('Oreos',    'HI',    random()*(6-1)+1),
	('Oreos',    'ID',    random()*(6-1)+1),
	('Oreos',    'IL',    random()*(6-1)+1),
	('Oreos',    'IN',    random()*(6-1)+1),
	('Oreos',    'IA',    random()*(6-1)+1),
	('Oreos',    'KS',    random()*(6-1)+1),
	('Oreos',    'KY',    random()*(6-1)+1),
	('Oreos',    'LA',    random()*(6-1)+1),
	('Oreos',    'ME',    random()*(6-1)+1),
	('Oreos',    'MD',    random()*(6-1)+1),
	('Oreos',    'MA',    random()*(6-1)+1),
	('Oreos',    'MI',    random()*(6-1)+1),
	('Oreos',    'MN',    random()*(6-1)+1),
	('Oreos',    'MS',    random()*(6-1)+1),
	('Oreos',    'MO',    random()*(6-1)+1),
	('Oreos',    'MT',    random()*(6-1)+1),
	('Oreos',    'NE',    random()*(6-1)+1),
	('Oreos',    'NV',    random()*(6-1)+1),
	('Oreos',    'NH',    random()*(6-1)+1),
	('Oreos',    'NJ',    random()*(6-1)+1),
	('Oreos',    'NM',    random()*(6-1)+1),
	('Oreos',    'NY',    random()*(6-1)+1),
	('Oreos',    'NC',    random()*(6-1)+1),
	('Oreos',    'ND',    random()*(6-1)+1),
	('Oreos',    'OH',    random()*(6-1)+1),
	('Oreos',    'OK',    random()*(6-1)+1),
	('Oreos',    'OR',    random()*(6-1)+1),
	('Oreos',    'PA',    random()*(6-1)+1),
	('Oreos',    'RI',    random()*(6-1)+1),
	('Oreos',    'SC',    random()*(6-1)+1),
	('Oreos',    'SD',    random()*(6-1)+1),
	('Oreos',    'TN',    random()*(6-1)+1),
	('Oreos',    'TX',    random()*(6-1)+1),
	('Oreos',    'UT',    random()*(6-1)+1),
	('Oreos',    'VT',    random()*(6-1)+1),
	('Oreos',    'VA',    random()*(6-1)+1),
	('Oreos',    'WA',    random()*(6-1)+1),
	('Oreos',    'WV',    random()*(6-1)+1),
	('Oreos',    'WI',    random()*(6-1)+1),
	('Oreos',    'WY',    random()*(6-1)+1),
	('Oreos',    'DC',    random()*(6-1)+1),
	('Beer',    'AL',    random()*(6-1)+1),
	('Beer',    'AK',    random()*(6-1)+1),
	('Beer',    'AZ',    random()*(6-1)+1),
	('Beer',    'AR',    random()*(6-1)+1),
	('Beer',    'CA',    random()*(6-1)+1),
	('Beer',    'CO',    random()*(6-1)+1),
	('Beer',    'CT',    random()*(6-1)+1),
	('Beer',    'DE',    random()*(6-1)+1),
	('Beer',    'FL',    random()*(6-1)+1),
	('Beer',    'GA',    random()*(6-1)+1),
	('Beer',    'HI',    random()*(6-1)+1),
	('Beer',    'ID',    random()*(6-1)+1),
	('Beer',    'IL',    random()*(6-1)+1),
	('Beer',    'IN',    random()*(6-1)+1),
	('Beer',    'IA',    random()*(6-1)+1),
	('Beer',    'KS',    random()*(6-1)+1),
	('Beer',    'KY',    random()*(6-1)+1),
	('Beer',    'LA',    random()*(6-1)+1),
	('Beer',    'ME',    random()*(6-1)+1),
	('Beer',    'MD',    random()*(6-1)+1),
	('Beer',    'MA',    random()*(6-1)+1),
	('Beer',    'MI',    random()*(6-1)+1),
	('Beer',    'MN',    random()*(6-1)+1),
	('Beer',    'MS',    random()*(6-1)+1),
	('Beer',    'MO',    random()*(6-1)+1),
	('Beer',    'MT',    random()*(6-1)+1),
	('Beer',    'NE',    random()*(6-1)+1),
	('Beer',    'NV',    random()*(6-1)+1),
	('Beer',    'NH',    random()*(6-1)+1),
	('Beer',    'NJ',    random()*(6-1)+1),
	('Beer',    'NM',    random()*(6-1)+1),
	('Beer',    'NY',    random()*(6-1)+1),
	('Beer',    'NC',    random()*(6-1)+1),
	('Beer',    'ND',    random()*(6-1)+1),
	('Beer',    'OH',    random()*(6-1)+1),
	('Beer',    'OK',    random()*(6-1)+1),
	('Beer',    'OR',    random()*(6-1)+1),
	('Beer',    'PA',    random()*(6-1)+1),
	('Beer',    'RI',    random()*(6-1)+1),
	('Beer',    'SC',    random()*(6-1)+1),
	('Beer',    'SD',    random()*(6-1)+1),
	('Beer',    'TN',    random()*(6-1)+1),
	('Beer',    'TX',    random()*(6-1)+1),
	('Beer',    'UT',    random()*(6-1)+1),
	('Beer',    'VT',    random()*(6-1)+1),
	('Beer',    'VA',    random()*(6-1)+1),
	('Beer',    'WA',    random()*(6-1)+1),
	('Beer',    'WV',    random()*(6-1)+1),
	('Beer',    'WI',    random()*(6-1)+1),
	('Beer',    'WY',    random()*(6-1)+1),
	('Beer',    'DC',    random()*(6-1)+1),
	('Rum',    'AL',    random()*(6-1)+1),
	('Rum',    'AK',    random()*(6-1)+1),
	('Rum',    'AZ',    random()*(6-1)+1),
	('Rum',    'AR',    random()*(6-1)+1),
	('Rum',    'CA',    random()*(6-1)+1),
	('Rum',    'CO',    random()*(6-1)+1),
	('Rum',    'CT',    random()*(6-1)+1),
	('Rum',    'DE',    random()*(6-1)+1),
	('Rum',    'FL',    random()*(6-1)+1),
	('Rum',    'GA',    random()*(6-1)+1),
	('Rum',    'HI',    random()*(6-1)+1),
	('Rum',    'ID',    random()*(6-1)+1),
	('Rum',    'IL',    random()*(6-1)+1),
	('Rum',    'IN',    random()*(6-1)+1),
	('Rum',    'IA',    random()*(6-1)+1),
	('Rum',    'KS',    random()*(6-1)+1),
	('Rum',    'KY',    random()*(6-1)+1),
	('Rum',    'LA',    random()*(6-1)+1),
	('Rum',    'ME',    random()*(6-1)+1),
	('Rum',    'MD',    random()*(6-1)+1),
	('Rum',    'MA',    random()*(6-1)+1),
	('Rum',    'MI',    random()*(6-1)+1),
	('Rum',    'MN',    random()*(6-1)+1),
	('Rum',    'MS',    random()*(6-1)+1),
	('Rum',    'MO',    random()*(6-1)+1),
	('Rum',    'MT',    random()*(6-1)+1),
	('Rum',    'NE',    random()*(6-1)+1),
	('Rum',    'NV',    random()*(6-1)+1),
	('Rum',    'NH',    random()*(6-1)+1),
	('Rum',    'NJ',    random()*(6-1)+1),
	('Rum',    'NM',    random()*(6-1)+1),
	('Rum',    'NY',    random()*(6-1)+1),
	('Rum',    'NC',    random()*(6-1)+1),
	('Rum',    'ND',    random()*(6-1)+1),
	('Rum',    'OH',    random()*(6-1)+1),
	('Rum',    'OK',    random()*(6-1)+1),
	('Rum',    'OR',    random()*(6-1)+1),
	('Rum',    'PA',    random()*(6-1)+1),
	('Rum',    'RI',    random()*(6-1)+1),
	('Rum',    'SC',    random()*(6-1)+1),
	('Rum',    'SD',    random()*(6-1)+1),
	('Rum',    'TN',    random()*(6-1)+1),
	('Rum',    'TX',    random()*(6-1)+1),
	('Rum',    'UT',    random()*(6-1)+1),
	('Rum',    'VT',    random()*(6-1)+1),
	('Rum',    'VA',    random()*(6-1)+1),
	('Rum',    'WA',    random()*(6-1)+1),
	('Rum',    'WV',    random()*(6-1)+1),
	('Rum',    'WI',    random()*(6-1)+1),
	('Rum',    'WY',    random()*(6-1)+1),
	('Rum',    'DC',    random()*(6-1)+1),
	('Whiskey',    'AL',    random()*(6-1)+1),
	('Whiskey',    'AK',    random()*(6-1)+1),
	('Whiskey',    'AZ',    random()*(6-1)+1),
	('Whiskey',    'AR',    random()*(6-1)+1),
	('Whiskey',    'CA',    random()*(6-1)+1),
	('Whiskey',    'CO',    random()*(6-1)+1),
	('Whiskey',    'CT',    random()*(6-1)+1),
	('Whiskey',    'DE',    random()*(6-1)+1),
	('Whiskey',    'FL',    random()*(6-1)+1),
	('Whiskey',    'GA',    random()*(6-1)+1),
	('Whiskey',    'HI',    random()*(6-1)+1),
	('Whiskey',    'ID',    random()*(6-1)+1),
	('Whiskey',    'IL',    random()*(6-1)+1),
	('Whiskey',    'IN',    random()*(6-1)+1),
	('Whiskey',    'IA',    random()*(6-1)+1),
	('Whiskey',    'KS',    random()*(6-1)+1),
	('Whiskey',    'KY',    random()*(6-1)+1),
	('Whiskey',    'LA',    random()*(6-1)+1),
	('Whiskey',    'ME',    random()*(6-1)+1),
	('Whiskey',    'MD',    random()*(6-1)+1),
	('Whiskey',    'MA',    random()*(6-1)+1),
	('Whiskey',    'MI',    random()*(6-1)+1),
	('Whiskey',    'MN',    random()*(6-1)+1),
	('Whiskey',    'MS',    random()*(6-1)+1),
	('Whiskey',    'MO',    random()*(6-1)+1),
	('Whiskey',    'MT',    random()*(6-1)+1),
	('Whiskey',    'NE',    random()*(6-1)+1),
	('Whiskey',    'NV',    random()*(6-1)+1),
	('Whiskey',    'NH',    random()*(6-1)+1),
	('Whiskey',    'NJ',    random()*(6-1)+1),
	('Whiskey',    'NM',    random()*(6-1)+1),
	('Whiskey',    'NY',    random()*(6-1)+1),
	('Whiskey',    'NC',    random()*(6-1)+1),
	('Whiskey',    'ND',    random()*(6-1)+1),
	('Whiskey',    'OH',    random()*(6-1)+1),
	('Whiskey',    'OK',    random()*(6-1)+1),
	('Whiskey',    'OR',    random()*(6-1)+1),
	('Whiskey',    'PA',    random()*(6-1)+1),
	('Whiskey',    'RI',    random()*(6-1)+1),
	('Whiskey',    'SC',    random()*(6-1)+1),
	('Whiskey',    'SD',    random()*(6-1)+1),
	('Whiskey',    'TN',    random()*(6-1)+1),
	('Whiskey',    'TX',    random()*(6-1)+1),
	('Whiskey',    'UT',    random()*(6-1)+1),
	('Whiskey',    'VT',    random()*(6-1)+1),
	('Whiskey',    'VA',    random()*(6-1)+1),
	('Whiskey',    'WA',    random()*(6-1)+1),
	('Whiskey',    'WV',    random()*(6-1)+1),
	('Whiskey',    'WI',    random()*(6-1)+1),
	('Whiskey',    'WY',    random()*(6-1)+1),
	('Whiskey',    'DC',    random()*(6-1)+1),
	('Tequila',    'AL',    random()*(6-1)+1),
	('Tequila',    'AK',    random()*(6-1)+1),
	('Tequila',    'AZ',    random()*(6-1)+1),
	('Tequila',    'AR',    random()*(6-1)+1),
	('Tequila',    'CA',    random()*(6-1)+1),
	('Tequila',    'CO',    random()*(6-1)+1),
	('Tequila',    'CT',    random()*(6-1)+1),
	('Tequila',    'DE',    random()*(6-1)+1),
	('Tequila',    'FL',    random()*(6-1)+1),
	('Tequila',    'GA',    random()*(6-1)+1),
	('Tequila',    'HI',    random()*(6-1)+1),
	('Tequila',    'ID',    random()*(6-1)+1),
	('Tequila',    'IL',    random()*(6-1)+1),
	('Tequila',    'IN',    random()*(6-1)+1),
	('Tequila',    'IA',    random()*(6-1)+1),
	('Tequila',    'KS',    random()*(6-1)+1),
	('Tequila',    'KY',    random()*(6-1)+1),
	('Tequila',    'LA',    random()*(6-1)+1),
	('Tequila',    'ME',    random()*(6-1)+1),
	('Tequila',    'MD',    random()*(6-1)+1),
	('Tequila',    'MA',    random()*(6-1)+1),
	('Tequila',    'MI',    random()*(6-1)+1),
	('Tequila',    'MN',    random()*(6-1)+1),
	('Tequila',    'MS',    random()*(6-1)+1),
	('Tequila',    'MO',    random()*(6-1)+1),
	('Tequila',    'MT',    random()*(6-1)+1),
	('Tequila',    'NE',    random()*(6-1)+1),
	('Tequila',    'NV',    random()*(6-1)+1),
	('Tequila',    'NH',    random()*(6-1)+1),
	('Tequila',    'NJ',    random()*(6-1)+1),
	('Tequila',    'NM',    random()*(6-1)+1),
	('Tequila',    'NY',    random()*(6-1)+1),
	('Tequila',    'NC',    random()*(6-1)+1),
	('Tequila',    'ND',    random()*(6-1)+1),
	('Tequila',    'OH',    random()*(6-1)+1),
	('Tequila',    'OK',    random()*(6-1)+1),
	('Tequila',    'OR',    random()*(6-1)+1),
	('Tequila',    'PA',    random()*(6-1)+1),
	('Tequila',    'RI',    random()*(6-1)+1),
	('Tequila',    'SC',    random()*(6-1)+1),
	('Tequila',    'SD',    random()*(6-1)+1),
	('Tequila',    'TN',    random()*(6-1)+1),
	('Tequila',    'TX',    random()*(6-1)+1),
	('Tequila',    'UT',    random()*(6-1)+1),
	('Tequila',    'VT',    random()*(6-1)+1),
	('Tequila',    'VA',    random()*(6-1)+1),
	('Tequila',    'WA',    random()*(6-1)+1),
	('Tequila',    'WV',    random()*(6-1)+1),
	('Tequila',    'WI',    random()*(6-1)+1),
	('Tequila',    'WY',    random()*(6-1)+1),
	('Tequila',    'DC',    random()*(6-1)+1),
	('Gin',    'AL',    random()*(6-1)+1),
	('Gin',    'AK',    random()*(6-1)+1),
	('Gin',    'AZ',    random()*(6-1)+1),
	('Gin',    'AR',    random()*(6-1)+1),
	('Gin',    'CA',    random()*(6-1)+1),
	('Gin',    'CO',    random()*(6-1)+1),
	('Gin',    'CT',    random()*(6-1)+1),
	('Gin',    'DE',    random()*(6-1)+1),
	('Gin',    'FL',    random()*(6-1)+1),
	('Gin',    'GA',    random()*(6-1)+1),
	('Gin',    'HI',    random()*(6-1)+1),
	('Gin',    'ID',    random()*(6-1)+1),
	('Gin',    'IL',    random()*(6-1)+1),
	('Gin',    'IN',    random()*(6-1)+1),
	('Gin',    'IA',    random()*(6-1)+1),
	('Gin',    'KS',    random()*(6-1)+1),
	('Gin',    'KY',    random()*(6-1)+1),
	('Gin',    'LA',    random()*(6-1)+1),
	('Gin',    'ME',    random()*(6-1)+1),
	('Gin',    'MD',    random()*(6-1)+1),
	('Gin',    'MA',    random()*(6-1)+1),
	('Gin',    'MI',    random()*(6-1)+1),
	('Gin',    'MN',    random()*(6-1)+1),
	('Gin',    'MS',    random()*(6-1)+1),
	('Gin',    'MO',    random()*(6-1)+1),
	('Gin',    'MT',    random()*(6-1)+1),
	('Gin',    'NE',    random()*(6-1)+1),
	('Gin',    'NV',    random()*(6-1)+1),
	('Gin',    'NH',    random()*(6-1)+1),
	('Gin',    'NJ',    random()*(6-1)+1),
	('Gin',    'NM',    random()*(6-1)+1),
	('Gin',    'NY',    random()*(6-1)+1),
	('Gin',    'NC',    random()*(6-1)+1),
	('Gin',    'ND',    random()*(6-1)+1),
	('Gin',    'OH',    random()*(6-1)+1),
	('Gin',    'OK',    random()*(6-1)+1),
	('Gin',    'OR',    random()*(6-1)+1),
	('Gin',    'PA',    random()*(6-1)+1),
	('Gin',    'RI',    random()*(6-1)+1),
	('Gin',    'SC',    random()*(6-1)+1),
	('Gin',    'SD',    random()*(6-1)+1),
	('Gin',    'TN',    random()*(6-1)+1),
	('Gin',    'TX',    random()*(6-1)+1),
	('Gin',    'UT',    random()*(6-1)+1),
	('Gin',    'VT',    random()*(6-1)+1),
	('Gin',    'VA',    random()*(6-1)+1),
	('Gin',    'WA',    random()*(6-1)+1),
	('Gin',    'WV',    random()*(6-1)+1),
	('Gin',    'WI',    random()*(6-1)+1),
	('Gin',    'WY',    random()*(6-1)+1),
	('Gin',    'DC',    random()*(6-1)+1),
	('Wine',    'AL',    random()*(6-1)+1),
	('Wine',    'AK',    random()*(6-1)+1),
	('Wine',    'AZ',    random()*(6-1)+1),
	('Wine',    'AR',    random()*(6-1)+1),
	('Wine',    'CA',    random()*(6-1)+1),
	('Wine',    'CO',    random()*(6-1)+1),
	('Wine',    'CT',    random()*(6-1)+1),
	('Wine',    'DE',    random()*(6-1)+1),
	('Wine',    'FL',    random()*(6-1)+1),
	('Wine',    'GA',    random()*(6-1)+1),
	('Wine',    'HI',    random()*(6-1)+1),
	('Wine',    'ID',    random()*(6-1)+1),
	('Wine',    'IL',    random()*(6-1)+1),
	('Wine',    'IN',    random()*(6-1)+1),
	('Wine',    'IA',    random()*(6-1)+1),
	('Wine',    'KS',    random()*(6-1)+1),
	('Wine',    'KY',    random()*(6-1)+1),
	('Wine',    'LA',    random()*(6-1)+1),
	('Wine',    'ME',    random()*(6-1)+1),
	('Wine',    'MD',    random()*(6-1)+1),
	('Wine',    'MA',    random()*(6-1)+1),
	('Wine',    'MI',    random()*(6-1)+1),
	('Wine',    'MN',    random()*(6-1)+1),
	('Wine',    'MS',    random()*(6-1)+1),
	('Wine',    'MO',    random()*(6-1)+1),
	('Wine',    'MT',    random()*(6-1)+1),
	('Wine',    'NE',    random()*(6-1)+1),
	('Wine',    'NV',    random()*(6-1)+1),
	('Wine',    'NH',    random()*(6-1)+1),
	('Wine',    'NJ',    random()*(6-1)+1),
	('Wine',    'NM',    random()*(6-1)+1),
	('Wine',    'NY',    random()*(6-1)+1),
	('Wine',    'NC',    random()*(6-1)+1),
	('Wine',    'ND',    random()*(6-1)+1),
	('Wine',    'OH',    random()*(6-1)+1),
	('Wine',    'OK',    random()*(6-1)+1),
	('Wine',    'OR',    random()*(6-1)+1),
	('Wine',    'PA',    random()*(6-1)+1),
	('Wine',    'RI',    random()*(6-1)+1),
	('Wine',    'SC',    random()*(6-1)+1),
	('Wine',    'SD',    random()*(6-1)+1),
	('Wine',    'TN',    random()*(6-1)+1),
	('Wine',    'TX',    random()*(6-1)+1),
	('Wine',    'UT',    random()*(6-1)+1),
	('Wine',    'VT',    random()*(6-1)+1),
	('Wine',    'VA',    random()*(6-1)+1),
	('Wine',    'WA',    random()*(6-1)+1),
	('Wine',    'WV',    random()*(6-1)+1),
	('Wine',    'WI',    random()*(6-1)+1),
	('Wine',    'WY',    random()*(6-1)+1),
	('Wine',    'DC',    random()*(6-1)+1);

insert into delivery_address values (1, 1);
insert into delivery_address values (2, 2);
insert into delivery_address values (3, 3);
insert into delivery_address values (4, 4);
insert into delivery_address values (5, 5);
insert into delivery_address values (6, 6);
insert into delivery_address values (7, 7);
insert into delivery_address values (8, 8);
insert into delivery_address values (9, 9);
insert into delivery_address values (10, 10);

insert into warehouse (capacity, address_id) values (3500000.00, 16);

insert into warehouse_stock (wid, product_name, stock) values
	(1, 'Potatoes', 100),
	(1, 'Carrots', 100),
	(1, 'Tomatoes', 100),
	(1, 'Bananas', 100),
	(1, 'Apples', 100),
	(1, 'Grapes', 100),
	(1, 'Ham', 100),
	(1, 'Turkey', 100),
	(1, 'Bacon', 100),
	(1, 'Ground Beef', 100),
	(1, 'Salmon Fillet', 100),
	(1, 'Tuna', 100),
	(1, 'Milk', 100),
	(1, 'Eggs', 100),
	(1, 'Cheese', 100),
	(1, 'Greek Yogurt', 100),
	(1, 'Whipped Cream', 100),
	(1, 'Butter', 100),
	(1, 'Frozen Pizza', 100),
	(1, 'Vanilla Ice Cream', 100),
	(1, 'Frozen Cheese Curds', 100),
	(1, 'Frozen Dinner', 100),
	(1, 'Waffles', 100),
	(1, 'Mac and Cheese', 100),
	(1, 'Bagel', 100),
	(1, 'Muffin', 100),
	(1, 'Croissant', 100),
	(1, 'Bread Loaf', 100),
	(1, 'Chocolate Chip Cookies', 100),
	(1, 'Cake', 100),
	(1, 'Cheese Curds', 100),
	(1, 'Potato Chips', 100),
	(1, 'Popcorn', 100),
	(1, 'Pretzels', 100),
	(1, 'Mixed Nuts', 100),
	(1, 'Oreos', 100),
	(1, 'Beer', 100),
	(1, 'Rum', 100),
	(1, 'Whiskey', 100),
	(1, 'Tequila', 100),
	(1, 'Gin', 100),
	(1, 'Wine', 100);